id,question,options,answer,images,page,id_num
QUESTION 1,"QUESTION 1
Refer to the exhibit. Users in the branch network of 2001:db8:0:4::/64 report that they cannot access the Internet.

Which command is issued in IPv6 router EIGRP 100 configuration mode to solve this issue?","A. Issue the eigrp stub command on R1.
B. Issue the no eigrp stub command on R1.
C. Issue the eigrp stub command on R2.
D. Issue the no eigrp stub command on R2.",B,"p2_img1.png,p365_img0.png",2,1.0
QUESTION 2,"QUESTION 2
Refer to the exhibit. Which configuration configures a policy on R1 to forward any traffic that is sourced from the 192.168.130.0/24 network to R2?","A.
B.
C.
D.",D,"p2_img0.png,p3_img4.png,p3_img3.png,p3_img2.png,p3_img1.png",2,2.0
QUESTION 3,"QUESTION 3
R2 has a locally originated prefix 192.168.130.0/24 and has these configurations:

What is the result when the route-map OUT command is applied toward an eBGP neighbor R1 (1.1.1.1) by using the neighbor 1.1.1.1 route-map OUT out command?","A. R1 sees 192.168.130.0/24 as two AS hops away instead of one AS hop away.
B. R1 does not accept any routes other than 192.168.130.0/24
C. R1 does not forward traffic that is destined for 192.168.30.0/24
D. Network 192.168.130.0/24 is not allowed in the R1 table",A,p3_img0.png,3,3.0
QUESTION 4,"QUESTION 4
Which method changes the forwarding decision that a router makes without first changing the routing table or influencing the IP data plane?","A. nonbroadcast multiaccess
B. packet switching
C. policy-based routing
D. forwarding information base",C,,3,4.0
QUESTION 5,"QUESTION 5
Refer to the exhibit. The output of the trace route from R5 shows a loop in the network.

Which configuration prevents this loop?","A.
B.
C.
D.",A,"p4_img0.png,p5_img3.png,p5_img2.png,p5_img1.png,p5_img0.png",4,5.0
QUESTION 6,"QUESTION 6
Refer to the exhibit. An engineer configures a static route on a router, but when the engineer checks the route to the destination, a different next hop is chosen.

What is the reason for this?","A. Dynamic routing protocols always have priority over static routes.
B. The metric of the OSPF route is lower than the metric of the static route.
C. The configured AD for the static route is higher than the AD of OSPF.
D. The syntax of the static route is not valid, so the route is not considered.",C,p6_img0.png,6,6.0
QUESTION 7,"QUESTION 7
Refer to the exhibit. An engineer is trying to generate a summary route in OSPF for network 10.0.0.0/8, but the summary route does not show up in the routing table.

Why is the summary route missing?","A. The summary-address command is used only for summarizing prefixes between areas.
B. The summary route is visible only in the OSPF database, not in the routing table.
C. There is no route for a subnet inside 10.0.0.0/8, so the summary route is not generated.
D. The summary route is not visible on this router, but it is visible on other OSPF routers in the same area.",C,p7_img1.png,6,7.0
QUESTION 8,"QUESTION 8
Refer to the exhibit. An engineer is trying to block the route to 192.168.2.2 from the routing table by using the configuration that is shown. The route is still present in
the routing table as an OSPF route.

Which action blocks the route?","A. Use an extended access list instead of a standard access list.
B. Change sequence 10 in the route-map command from permit to deny.
C. Use a prefix list instead of an access list in the route map.
D. Add this statement to the route map: route-map RM-OSPF-DL deny 20.",B,p7_img0.png,7,8.0
QUESTION 9,"QUESTION 9
What is a prerequisite for configuring BFD?","A. Jumbo frame support must be configured on the router that is using BFD.
B. All routers in the path between two BFD endpoints must have BFD enabled.
C. Cisco Express Forwarding must be enabled on all participating BFD endpoints.
D. To use BFD with BGP, the timers 3 9 command must first be configured in the BGP routing process.",C,,8,9.0
QUESTION 10,"QUESTION 10
Drag and drop the OSPF adjacency states from the left onto the correct descriptions on the right.

Select and Place:",,A,"p8_img1.png,p8_img0.png",8,10.0
QUESTION 11,"QUESTION 11
Refer to the exhibit. R2 is a route reflector, and R1 and R3 are route reflector clients. The route reflector learns the route to 172.16.25.0/24 from R1, but it does not
advertise to R3.

What is the reason the route is not advertised?","A. R2 does not have a route to the next hop, so R2 does not advertise the prefix to other clients.
B. Route reflector setup requires full IBGP mesh between the routers.
C. In route reflector setup, only classful prefixes are advertised to other clients.
D. In route reflector setups, prefixes are not advertised from one client to another.",A,p9_img0.png,8,11.0
QUESTION 12,"QUESTION 12

Refer to the exhibit. An engineer is trying to redistribute OSPF to BGP, but not all of the routes are redistributed.
What is the reason for this issue?","A. By default, only internal routes and external type 1 routes are redistributed into BGP
B. Only classful networks are redistributed from OSPF to BGP
C. BGP convergence is slow, so the route will eventually be present in the BGP table
D. By default, only internal OSPF routes are redistributed into BGP",D,p10_img1.png,9,12.0
QUESTION 13,"QUESTION 13

Refer to the exhibit. In which circumstance does the BGP neighbor remain in the idle condition?","A. if prefixes are not received from the BGP peer
B. if prefixes reach the maximum limit
C. if a prefix list is applied on the inbound direction
D. if prefixes exceed the maximum limit",D,p10_img0.png,10,13.0
QUESTION 14,"QUESTION 14

Which attribute eliminates LFAs that belong to protected paths in situations where links in a network are connected through a common fiber?","A. shared risk link group-disjoint
B. linecard-disjoint
C. lowest-repair-path-metric
D. interface-disjoint",A,,10,14.0
QUESTION 15,"QUESTION 15

Refer to the exhibit. An engineer is troubleshooting BGP on a device but discovers that the clock on the device does not correspond to the time stamp of the log
entries.
Which action ensures consistency between the two times?","A. Configure the service timestamps log uptime command in global configuration mode.
B. Configure the logging clock synchronize command in global configuration mode.
C. Configure the service timestamps log datetime localtime command in global configuration mode.
D. Make sure that the clock on the device is synchronized with an NTP server.",C,p11_img1.png,11,15.0
QUESTION 16,"QUESTION 16
Refer to the exhibit. What is the result of applying this configuration?","A. The router can form BGP neighborships with any other device.
B. The router cannot form BGP neighborships with any other device.
C. The router cannot form BGP neighborships with any device that is matched by the access list named ""BGP"".
D. The router can form BGP neighborships with any device that is matched by the access list named ""BGP"".",C,p11_img0.png,11,16.0
QUESTION 17,"QUESTION 17
Which command displays the IP routing table information that is associated with VRF-Lite?","A. show ip vrf
B. show ip route vrf
C. show run vrf
D. show ip protocols vrf",B,,11,17.0
QUESTION 18,"QUESTION 18

Refer to the exhibit. Which subnet is redistributed from EIGRP to OSPF routing protocols?","A. 10.2.2.0/24
B. 10.1.4.0/26
C. 10.1.2.0/24
D. 10.2.3.0/26",A,p12_img0.png,12,18.0
QUESTION 19,"QUESTION 19
Which configuration adds an IPv4 interface to an OSPFv3 process in OSPFv3 address family configuration?","A. router ospfv3 1 address-family ipv4
B. Router(config-router)#ospfv3 1 ipv4 area 0
C. Router(config-if)#ospfv3 1 ipv4 area 0
D. router ospfv3 1 address-family ipv4 unicast",C,,12,19.0
QUESTION 20,"QUESTION 20

Refer to the exhibit. Which statement about R1 is true?","A. OSPF redistributes RIP routes only if they have a tag of one.
B. RIP learned routes are distributed to OSPF with a tag value of one.
C. R1 adds one to the metric for RIP learned routes before redistributing to OSPF.
D. RIP routes are redistributed to OSPF without any changes.",B,p13_img1.png,12,20.0
QUESTION 21,"QUESTION 21

Refer to the exhibit. An IP SLA was configured on router R1 that allows the default route to be modified in the event that Fa0/0 loses reachability with the router R3
Fa0/0 interface. The route has changed to flow through router R2.
Which debug command is used to troubleshoot this issue?","A. debug ip flow
B. debug ip sla error
C. debug ip routing
D. debug ip packet",B,p13_img0.png,13,21.0
QUESTION 22,"QUESTION 22
Which configuration enabled the VRF that is labeled “Inet” on FastEthernet0/0?","A. R1(config)# ip vrf Inet
R1(config-vrf)#ip vrf FastEthernet0/0
B. R1(config)#ip vrf Inet FastEthernet0/0
C. R1(config)# ip vrf Inet
R1(config-vrf)#interface FastEthernet0/0
R1(config-if)#ip vrf forwarding Inet
D. R1(config)#router ospf 1 vrf Inet
R1(config-router)#ip vrf forwarding FastEthernet0/0",C,,13,22.0
QUESTION 23,"QUESTION 23

Refer to the exhibit. After redistribution is enabled between the routing protocols; PC2, PC3, and PC4 cannot reach PC1.
Which action can the engineer take to solve the issue so that all the PCs are reachable?","A. Set the administrative distance 100 under the RIP process on R2.
B. Filter the prefix 10.1.1.0/24 when redistributed from OSPF to EIGRP.
C. Filter the prefix 10.1.1.0/24 when redistributed from RIP to EIGRP.
D. Redistribute the directly connected interfaces on R2.",A,p14_img1.png,13,23.0
QUESTION 24,"QUESTION 24

Refer to the exhibit. A router is receiving BGP routing updates from multiple neighbors for routes in AS 690.
What is the reason that the router still sends traffic that is destined to AS 690 to a neighbor other than 10.222.1.1?","A. The local preference value in another neighbor statement is higher than 250.
B. The local preference value should be set to the same value as the weight in the route map.
C. The route map is applied in the wrong direction.
D. The weight value in another neighbor statement is higher than 200.",D,p14_img0.png,14,24.0
QUESTION 25,"QUESTION 25
Which command allows traffic to load-balance in an MPLS Layer 3 VPN configuration?","A. multi-paths eibgp 2
B. maximum-paths 2
C. maximum-paths ibgp 2
D. multi-paths 2",C,,15,25.0
QUESTION 26,"QUESTION 26
Refer to the exhibit.

After applying IPsec, the engineer observed that the DMVPN tunnel went down, and both spoke-to-spoke and hub were not establishing.
Which two actions resolve the issue? (Choose two.)","A. Change the mode from mode tunnel to mode transport on R3.
B. Remove the crypto isakmp key cisco address 10.1.1.1 on R2 and R3.
C. Configure the crypto isakmp key cisco address 192.1.1.1 on R2 and R3.
D. Configure the crypto isakmp key cisco address 0.0.0.0 on R2 and R3.
E. Change the mode from mode transport to mode tunnel on R2.",AD,p15_img0.png,15,26.0
QUESTION 27,"QUESTION 27
Which statement about route distinguishers in an MPLS network is true?","A. Route distinguishers allow multiple instances of a routing table to coexist within the edge router.
B. Route distinguishers are used for label bindings.
C. Route distinguishers make a unique VPNv4 address across the MPLS network.
D. Route distinguishers define which prefixes are imported and exported on the edge router.",C,,16,27.0
QUESTION 28,"QUESTION 28
Which statement about MPLS LDP router ID is true?","A. If not configured, the operational physical interface is chosen as the router ID even if a loopback is configured.
B. The loopback with the highest IP address is selected as the router ID.
C. The MPLS LDP router ID must match the IGP router ID.
D. The force keyword changes the router ID to the specified address without causing any impact.",B,,16,28.0
QUESTION 29,"QUESTION 29
Refer to the exhibit. Which interface configuration must be configured on the spoke A router to enable a dynamic DMVPN tunnel with the spoke B router?","A.
B.
C.
D.",B,"p16_img2.png,p16_img1.png,p16_img0.png,p17_img2.png,p17_img1.png",16,29.0
QUESTION 30,"QUESTION 30
Which list defines the contents of an MPLS label?","A. 20-bit label; 3-bit traffic class; 1-bit bottom stack; 8-bit TTL
B. 32-bit label; 3-bit traffic class; 1-bit bottom stack; 8-bit TTL
C. 20-bit label; 3-bit flow label; 1-bit bottom stack; 8-bit hop limit
D. 32-bit label; 3-bit flow label; 1-bit bottom stack; 8-bit hop limit",A,,17,30.0
QUESTION 31,"QUESTION 31
Refer to the exhibit. What does the imp-null tag represent in the MPLS VPN cloud?","A. Pop the label
B. Impose the label
C. Include the EXP bit
D. Exclude the EXP bit",A,p17_img0.png,17,31.0
QUESTION 32,"QUESTION 32
Drag and drop the MPLS VPN concepts from the left onto the correct descriptions on the right.

Select and Place:",,A,"p18_img2.png,p18_img1.png",17,32.0
QUESTION 33,"QUESTION 33
Which transport layer protocol is used to form LDP sessions?","A. UDP
B. SCTP
C. TCP
D. RDP",C,,18,33.0
QUESTION 34,"QUESTION 34
Drag and drop the MPLS terms from the left onto the correct definitions on the right.

Select and Place:",,A,"p18_img0.png,p19_img1.png",18,34.0
QUESTION 35,"QUESTION 35

Refer to the exhibits. Phase-3 tunnels cannot be established between spoke-to-spoke in DMVPN.
Which two commands are missing? (Choose two.)","A. The ip nhrp redirect command is missing on the spoke routers.
B. The ip nhrp shortcut command is missing on the spoke routers.
C. The ip nhrp redirect command is missing on the hub router.
D. The ip nhrp shortcut command is missing on the hub router.
E. The ip nhrp map command is missing on the hub router.",BC,p19_img0.png,19,35.0
QUESTION 36,"QUESTION 36
Which protocol is used to determine the NBMA address on the other end of a tunnel when mGRE is used?","A. NHRP
B. IPsec
C. MP-BGP
D. OSPF",A,,20,36.0
QUESTION 37,"QUESTION 37
Refer to the exhibit. Which configuration denies Telnet traffic to router 2 from 198A:0:200C::1/64?","A.
B.
C.
D.",A,"p20_img4.png,p20_img3.png,p20_img2.png,p20_img1.png,p20_img0.png",20,37.0
QUESTION 38,"QUESTION 38

Refer to the exhibit. During troubleshooting it was discovered that the device is not reachable using a secure web browser.
What is needed to fix the problem?","A. permit tcp port 443
B. permit udp port 465
C. permit tcp port 465
D. permit tcp port 22",A,p21_img2.png,20,38.0
QUESTION 39,"QUESTION 39
Drag and drop the packet types from the left onto the correct descriptions on the right.

Select and Place:",,A,"p21_img1.png,p21_img0.png",21,39.0
QUESTION 40,"QUESTION 40
Drag and drop the addresses from the left onto the correct IPv6 filter purposes on the right.

Select and Place:",,A,"p22_img2.png,p22_img1.png",21,40.0
QUESTION 41,"QUESTION 41
Refer to the exhibit. An engineer is trying to configure local authentication on the console line, but the device is trying to authenticate using TACACS+.

Which action produces the desired configuration?","A. Add the aaa authentication login default none command to the global configuration.
B. Replace the capital ""C"" with a lowercase ""c"" in the aaa authentication login Console local command.
C. Add the aaa authentication login default group tacacs+ local-case command to the global configuration.
D. Add the login authentication Console command to the line configuration",D,p22_img0.png,22,41.0
QUESTION 42,"QUESTION 42
Refer to the exhibit. An engineer is trying to connect to a device with SSH but cannot connect. The engineer connects by using the console and finds the displayed
output when troubleshooting.

Which command must be used in configuration mode to enable SSH on the device?","A. no ip ssh disable
B. ip ssh enable
C. ip ssh version 2
D. crypto key generate rsa",D,p23_img1.png,23,42.0
QUESTION 43,"QUESTION 43
Which statement about IPv6 ND inspection is true?","A. It learns and secures bindings for stateless autoconfiguration addresses in Layer 3 neighbor tables.
B. It learns and secures bindings for stateless autoconfiguration addresses in Layer 2 neighbor tables.
C. It learns and secures bindings for stateful autoconfiguration addresses in Layer 3 neighbor tables.
D. It learns and secures bindings for stateful autoconfiguration addresses in Layer 2 neighbor tables.",B,,23,43.0
QUESTION 44,"QUESTION 44
While troubleshooting connectivity issues to a router, these details are noticed:
- Standard pings to all router interfaces, including loopbacks, are successful.
- Data traffic is unaffected.
- SNMP connectivity is intermittent.
- SSH is either slow or disconnects frequently.

Which command must be configured first to troubleshoot this issue?","A. show policy-map control-plane
B. show policy-map
C. show interface | inc drop
D. show ip route",A,,23,44.0
QUESTION 45,"QUESTION 45

Refer to the exhibit. Why is user authentication being rejected?","A. The TACACS+ server expects ""user"", but the NT client sends ""domain/user"".
B. The TACACS+ server refuses the user because the user is set up for CHAP.
C. The TACACS+ server is down, and the user is in the local database.
D. The TACACS+ server is down, and the user is not in the local database.",D,p23_img0.png,23,45.0
QUESTION 46,"QUESTION 46

Refer to the exhibit. Which control plane policy limits BGP traffic that is destined to the CPU to 1 Mbps and ignores BGP traffic that is sent at higher rate?","A. policy-map SHAPE_BGP
B. policy-map LIMIT_BGP
C. policy-map POLICE_BGP
D. policy-map COPP",D,p24_img0.png,24,46.0
QUESTION 47,"QUESTION 47
Which statement about IPv6 RA Guard is true?","A. It does not offer protection in environments where IPv6 traffic is tunneled.
B. It cannot be configured on a switch port interface in the ingress direction.
C. Packets that are dropped by IPv6 RA Guard cannot be spanned.
D. It is not supported in hardware when TCAM is programmed.",A,,24,47.0
QUESTION 48,"QUESTION 48
An engineer is trying to copy an IOS file from one router to another router by using TFTP.

Which two actions are needed to allow the file to copy? (Choose two.)","A. Copy the file to the destination router with the copy tftp: flash: command
B. Enable the TFTP server on the source router with the tftp-server flash: <filename> command
C. TFTP is not supported in recent IOS versions, so an alternative method must be used
D. Configure a user on the source router with the username tftp password tftp command
E. Configure the TFTP authentication on the source router with the tftp-server authentication local command",AB,,24,48.0
QUESTION 49,"QUESTION 49
Refer to the exhibit. Users report that IP addresses cannot be acquired from the DHCP server. The DHCP server is configured as shown. About 300 total
nonconcurrent users are using this DHCP server, but none of them are active for more than two hours per day.

Which action fixes the issue within the current resources?","A. Modify the subnet mask to the network 192.168.1.0 255.255.254.0 command in the DHCP pool
B. Configure the DHCP lease time to a smaller value
C. Configure the DHCP lease time to a bigger value
D. Add the network 192.168.2.0 255.255.255.0 command to the DHCP pool",B,p25_img1.png,25,49.0
QUESTION 50,"QUESTION 50
Refer to the exhibit. ISP 1 and ISP 2 directly connect to the Internet. A customer is tracking both ISP links to achieve redundancy and cannot see the Cisco IOS IP
SLA tracking output on the router console.

Which command is missing from the IP SLA configuration?","A. Start-time 00:00
B. Start-time 0
C. Start-time immediately
D. Start-time now",D,p25_img0.png,25,50.0
QUESTION 51,"QUESTION 51
Refer to the exhibit. An administrator noticed that after a change was made on R1, the timestamps on the system logs did not match the clock.

What is the reason for this error?","A. An authentication error with the NTP server results in an incorrect timestamp.
B. The keyword localtime is not defined on the timestamp service command.
C. The NTP server is in a different time zone.
D. The system clock is set incorrectly to summer-time hours.",B,p26_img2.png,25,51.0
QUESTION 52,"QUESTION 52
Drag and drop the DHCP messages from the left onto the correct uses on the right.

Select and Place:",,A,"p26_img1.png,p26_img0.png",26,52.0
QUESTION 53,"QUESTION 53
A network engineer is investigating a flapping (up/down) interface issue on a core switch that is synchronized to an NTP server. Log output currently does not show the

time of the flap.
Which command allows the logging on the switch to show the time of the flap according to the clock on the device?","A. service timestamps log uptime
B. clock summer-time mst recurring 2 Sunday mar 2:00 1 Sunday nov 2:00
C. service timestamps log datetime localtime show-timezone
D. clock calendar-valid",C,,26,53.0
QUESTION 54,"QUESTION 54
When provisioning a device in Cisco DNA Center, the engineer sees the error message ""Cannot select the device. Not compatible with template"".

What is the reason for the error?","A. The template has an incorrect configuration.
B. The software version of the template is different from the software version of the device.
C. The changes to the template were not committed.
D. The tag that was used to filter the templates does not match the device tag.",D,,27,54.0
QUESTION 55,"QUESTION 55
While working with software images, an engineer observes that Cisco DNA Center cannot upload its software image directly from the device.

Why is the image not uploading?","A. The device must be resynced to Cisco DNA Center.
B. The software image for the device is in install mode.
C. The device has lost connectivity to Cisco DNA Center.
D. The software image for the device is in bundle mode",B,,27,55.0
QUESTION 56,"QUESTION 56
An engineer configured the wrong default gateway for the Cisco DNA Center enterprise interface during the install.

Which command must the engineer run to correct the configuration?","A. sudo maglev-config update
B. sudo maglev install config update
C. sudo maglev reinstall
D. sudo update config install",A,,27,56.0
QUESTION 57,"QUESTION 57

Refer to the exhibit. An administrator that is connected to the console does not see debug messages when remote users log in.
Which action ensures that debug messages are displayed for remote logins?","A. Enter the transport input ssh configuration command.
B. Enter the terminal monitor exec command.
C. Enter the logging console debugging configuration command.
D. Enter the aaa new-model configuration command.",D,p27_img0.png,27,57.0
QUESTION 58,"QUESTION 58

Refer to the exhibit. Network operations cannot read or write any configuration on the device with this configuration from the operations subnet.
Which two configurations fix the issue? (Choose two.)","A. Configure SNMP rw permission in addition to community ciscotest.
B. Modify access list 1 and allow operations subnet in the access list.
C. Modify access list 1 and allow SNMP in the access list.
D. Configure SNMP rw permission in addition to version 1.
E. Configure SNMP rw permission in addition to community ciscotest 1.",BE,p28_img1.png,28,58.0
QUESTION 59,"QUESTION 59

Refer to the exhibit. Why is the remote NetFlow server failing to receive the NetFlow data?","A. The flow exporter is configured but is not used.
B. The flow monitor is applied in the wrong direction.
C. The flow monitor is applied to the wrong interface.
D. The destination of the flow exporter is not reachable.",A,p28_img0.png,28,59.0
QUESTION 60,"QUESTION 60
Which Cisco VPN technology can use multipoint tunnel, resulting in a single GRE tunnel interface on the hub, to support multiple connections from multiple spoke
devices?","A. DMVPN
B. GETVPN
C. Cisco Easy VPN
D. FlexVPN",A,"p29_img1.png,p29_img0.png",29,60.0
QUESTION 61,,"A. 10.0.0.1
B. 192.168.1.2
C. 10.0.0.2
D. 192.168.3.2",A,"p30_img1.png,p30_img0.png",30,61.0
QUESTION 62,"QUESTION 62
Which label operations are performed by a label edge router?","A. SWAP and POP
B. SWAP and PUSH
C. PUSH and PHP
D. PUSH and POP",D,,30,62.0
QUESTION 63,"QUESTION 63
Refer to the exhibit. A network engineer executes the show ipv6 ospf database command and is presented with the output that is shown. Which flooding scope is
referenced in the link-state type?","A. link-local
B. area
C. AS (OSPF domain)
D. reserved",B,p31_img1.png,30,63.0
QUESTION 64,"QUESTION 64
Refer to the exhibit.

A company is evaluating multiple network management system tools. Trending graphs generated by SNMP data are returned by the NMS and appear to have multiple
gaps. While troubleshooting the issue, an engineer noticed the relevant output.
What solves the gaps in the graphs?","A. Remove the exceed-rate command in the class map.
B. Remove the class map NMS from being part of control plane policing.
C. Configure the CIR rate to a lower value that accommodates all the NMS tools
D. Separate the NMS class map in multiple class maps based on the specific protocols with appropriate CoPP actions",D,p31_img0.png,31,64.0
QUESTION 65,"QUESTION 65
Refer to the following output:

Router#show ip nhrp detail
1.1.2/8 via 10.2.1.2, Tunnel1 created 00:00:12, expire 01:59:47 TypE. dynamic, Flags: authoritative unique nat registered
used NBMA address: 10.12.1.2
What does the authoritative flag mean in regards to the NHRP information?","A. It was obtained directly from the next-hop server.
B. Data packets are process switches for this mapping entry.
C. NHRP mapping is for networks that are local to this router.
D. The mapping entry was created in response to an NHRP registration request.
E. The NHRP mapping entry cannot be overwritten",A,,31,65.0
QUESTION 66,"QUESTION 66
Which security feature can protect DMVPN tunnels?","A. IPsec
B. TACACS+
C. RTBH
D. RADIUS",A,,32,66.0
QUESTION 67,"QUESTION 67
Which two methods use IPsec to provide secure connectivity from the branch office to the headquarters office? (Choose two.)","A. DMVPN
B. MPLS VPN
C. Virtual Tunnel Interface (VTI)
D. SSL VPN
E. PPPoE",AC,,32,67.0
QUESTION 68,"QUESTION 68
Which SNMP verification command shows the encryption and authentication protocols that are used in SNMPV3?","A. show snmp group
B. show snmp user
C. show snmp
D. show snmp view",B,,32,68.0
QUESTION 69,"QUESTION 69
Which two protocols can cause TCP starvation? (Choose two.)","A. TFTP
B. SNMP
C. SMTP
D. HTTPS
E. FTP",AB,,32,69.0
QUESTION 70,"QUESTION 70
A network engineer needs to verify IP SLA operations on an interface that shows on indication of excessive traffic. Which command should the engineer use to
complete this action?","A. show frequency
B. show track
C. show reachability
D. show threshold",B,,32,70.0
QUESTION 71,"QUESTION 71
Which protocol does VRF-Lite support?","A. IS-IS
B. ODR
C. EIGRP
D. IGRP",C,,33,71.0
QUESTION 72,"QUESTION 72
Which two statements about redistributing EIGRP into OSPF are true? (Choose two.)","A. The redistributed EIGRP routes appear as type 3 LSAs in the OSPF database.
B. The redistributed EIGRP routes appear as type 5 LSAs in the OSPF database.
C. The administrative distance of the redistributed routes is 170.
D. The redistributed EIGRP routes appear as OSPF external type 1.
E. The redistributed EIGRP routes as placed into an OSPF area whose area ID matches the EIGRP autonomous system number.
F. The redistributed EIGRP routes appear as OSPF external type 2 routes in the routing table.",BF,,33,72.0
QUESTION 73,"QUESTION 73
Users were moved from the local DHCP server to the remote corporate DHCP server. After the move, none of the users were able to use the network. Which two
issues will prevent this setup from working properly? (Choose two.)","A. Auto-QoS is blocking DHCP traffic.
B. The DHCP server IP address configuration is missing locally.
C. 802.1X is blocking DHCP traffic.
D. The broadcast domain is too large for proper DHCP propagation.
E. The route to the new DHCP server is missing.",BE,,33,73.0
QUESTION 74,"QUESTION 74
Which command is used to check IP SLA when an interface is suspected to receive lots of traffic with options?","A. show track
B. show threshold
C. show timer
D. show delay",A,,33,74.0
QUESTION 75,"QUESTION 75
What is an advantage of using BFD?","A. It detects local link failure at layer 1 and updates routing table.
B. It detects local link failure at layer 2 and updates routing protocols.
C. It has sub-second failure detection for layer 1 and layer 3 problems.
D. It has sub-second failure detection for layer 1 and layer 2 problems.",D,,33,75.0
QUESTION 76,"QUESTION 76
Which component of MPLS VPNs is used to extend the IP address so that an engineer is able to identify to which VPN it belongs?","A. VPNv4 address family
B. RD
C. RT
D. LDP",B,,33,76.0
QUESTION 77,"QUESTION 77
Refer to the exhibit:

The ACL is placed on the inbound GigabitEthernet 0/1 interface of the router. Host 192.168.10.10 cannot SSH to host 192.168.100.10 even though the flow is
permitted. Which action resolves the issue without opening full access to this router?","A. Move the SSH entry to the beginning of the ACL.
B. Temporarily move the permit ip any any line to the beginning of the ACL to see if the flow works.
C. Temporarily remove the ACL from the interface to see if the flow works.
D. Run the show access-list FILTER command to view if the SSH entry has any hit statistic associated with it.",A,p34_img1.png,34,77.0
QUESTION 78,"QUESTION 78
Refer the exhibit:

Which action resolves intermittent connectivity observed with the SNMP trap packets?","A. Decrease the committed burst Size of the mgmt class map.
B. Increase the CIR of the mgmt class map.
C. Add a new class map to match TCP traffic.
D. Add one new entry in the ACL 120 to permit the UDP port 161.",B,p34_img0.png,34,78.0
QUESTION 79,"QUESTION 79
What destination addresses does EIGRP use when feasible? (Choose two.)","A. IP address 224.0.0.9
B. IP address 224.0.0.10
C. IP address 224.0.0.8
D. MAC address 01:00:5E:00:00:0A
E. MAC address 0C:15:C0:00:00:01",BD,,35,79.0
QUESTION 80,"QUESTION 80
How are packets forwarded in an MPLS domain?","A. Using the destination IP address of the packet.
B. Using the source IP address of the packet.
C. Using a number that has been specified in a label.
D. Using the MAC address of the frame.",C,,35,80.0
QUESTION 81,"QUESTION 81
Refer to the exhibit:

Drag and drop the credentials from the left onto the remote login information on the right to resolve a failed login attempt to vtys. (Not all credentials are used, choose
the best.)
Select and Place:",,A,"p35_img0.png,p36_img1.png,p36_img0.png",35,81.0
QUESTION 82,"QUESTION 82
You just discovered that a ping packet sent from one of the devices to another took a different path in the return than it did on its way to the destination. What behavior
caused this?","A. Windowing
B. Global synchronization
C. MSS
D. Asymmetric routing",D,,36,82.0
QUESTION 83,"QUESTION 83
How long is the default NHRP cache timer?","A. 2 hours
B. 1 hour
C. 30 minutes
D. 15 minutes",A,,36,83.0
QUESTION 84,"QUESTION 84
The OSPF dead interval defaults to how many times the hello interval?","A. Two
B. Three
C. Four
D. Five",C,,36,84.0
QUESTION 85,"QUESTION 85
How are customer routes isolated on PE routers in an MPLS Layer 3 VPN?","A. By using VRF
B. By using VDCs
C. By using MP-BGP
D. By using LDP",A,,37,85.0
QUESTION 86,"QUESTION 86
The OSPF database of a router shows LSA types 1, 2, 7, and 3 for the default route only. Which type of area is this router connected to?","A. stub area
B. totally stubby area
C. NSSA totally stub
D. NSSA",C,,37,86.0
QUESTION 87,"QUESTION 87
Which three IP SLA performance metrics can you use to monitor enterprise-class networks? (Choose three.)","A. Packet loss
B. Delay
C. bandwidth
D. Connectivity
E. Reliability
F. traps",ABD,,37,87.0
QUESTION 88,"QUESTION 88
A network administrator notices that the BGP state drops and logs are generated for missing BGP hello keepalives. What is the potential problem?","A. Incorrect neighbor options.
B. Hello timer mismatch.
C. BGP path MTU enabled.
D. MTU mismatch.",D,,37,88.0
QUESTION 89,"QUESTION 89
Which access list entry checks for an ACK within a packet header?","A. access-list 49 permit ip any any eq 21 tcp-ack
B. access-list 49 permit tcp any any eq 21 tcp-ack
C. access-list 149 permit tcp any any eq 21 established
D. access-list 49 permit tcp any any eq 21 established",C,,37,89.0
QUESTION 90,"QUESTION 90
You are implementing WAN access for an enterprise network while running applications that require a fully meshed network, which two design standards are
appropriate for such an environment? (Choose two.)","A. A centralized DMVPN solution to simplify connectivity for the enterprise.
B. A dedicated WAN distribution layer to consolidate connectivity to remote sites.
C. A collapsed core and distribution layer to minimize costs.
D. Multiple MPLS VPN connections with static routing.
E. Multiple MPLS VPN connections with dynamic routing.",AB,,38,90.0
QUESTION 91,,"A. Specify the test frequency.
B. Enable the ICMP echo operation.
C. Schedule the ICMP echo operation.
D. Verify the ICMP echo operation.",B,p38_img0.png,38,91.0
QUESTION 92,"QUESTION 92
Which two features are provided by EIGRP for IPv6? (Choose two.)","A. Backbone areas
B. SPF algorithm
C. Partial updates
D. Area border router
E. Scaling",CE,,38,92.0
QUESTION 93,"QUESTION 93
Which IP SLA operation can be used to simulate voice traffic on a network?","A. TCP connect
B. UDP-jitter
C. ICMP-echo
D. ICMP-jitter",B,,38,93.0
QUESTION 94,"QUESTION 94
What happens when two EIGRP peers have mismatched K values?","A. The two devices are unable to correctly perform equal-cost routing.
B. The two devices fail to perform EIGRP graceful shutdown when one device goes down.
C. The two devices fail to from an adjacency.
D. The two devices are unable to correctly perform unequal-cast load balancing.",C,,39,94.0
QUESTION 95,"QUESTION 95
Which location within the network is preferred when using a dedicated router for Cisco IP SLA operations?","A. user edge
B. provider edge
C. access edge
D. distribution edge",B,p39_img0.png,39,95.0
QUESTION 96,,"A. BGP
B. LLDP
C. EIGRP
D. NHRP",D,p40_img0.png,40,96.0
QUESTION 97,"QUESTION 97
An engineer is configuring a network and needs packets to be forwarded to an interface for any destination address that is not in the routing table. What should be
configured to accomplish this task?","A. set ip next-hop
B. set ip default next-hop
C. set ip next-hop recursive
D. set ip next-hop verify-availability",B,,40,97.0
QUESTION 98,"QUESTION 98
Which protocol does MPLS use to support traffic engineering?","A. Tag Distribution Protocol (TDP)
B. Resource Reservation Protocol (RSVP)
C. Border Gateway Protocol (BGP)
D. Label Distribution Protocol (LDP)",B,,40,98.0
QUESTION 99,"QUESTION 99
Which IGPs are supported by the MPLS LDP autoconfiguration feature?","A. ISIS and RIPv2
B. RIPv2 and OSPF
C. OSPF and ISIS
D. OSPF and EIGRP",C,,40,99.0
QUESTION 100,"QUESTION 100
What does the PE router convert the IPv4 prefix to within an MPLS VPN?","A. 48-bit route combining the IP and PE router-id.
B. VPN-IPv4 prefix combined with the 64-bit route distinguisher.
C. eBGP path association between the PE and CE sessions.
D. Prefix that combines the ASN, PE router-id, and IP prefix.",B,,41,100.0
QUESTION 101,"QUESTION 101
An engineer needs dynamic routing between two routers and is unable to establish OSPF adjacency. The output of the show ip ospf neighbor command shows that
the neighbor state is EXSTART/EXCHANGE. Which action should be taken to resolve this issue?","A. match the passwords
B. match the hello timers
C. match the MTUs
D. match the network types",C,,41,101.0
QUESTION 102,"QUESTION 102
Refer to the exhibit. AAA server 10.1.1.1 is configured with the default authentication and accounting settings, but the switch cannot communicate with the server.
Which action resolves this issue?","A. Correct the timeout value
B. Match the authentication port
C. Correct the shared secret
D. Match the accounting port",B,p41_img0.png,41,102.0
QUESTION 103,"QUESTION 103
Refer to the exhibit. An engineer is monitoring reachability of the configured default routes to ISP1 and ISP2. The default route from ISP1 is preferred if available. How
is this issue resolved?","A. Use the icmp-echo command to track both default routes
B. Start IP SLA by matching numbers for track and ip sla commands
C. Start IP SLA by defining frequency and scheduling it
D. Use the same AD for both default routes",C,"p42_img3.png,p42_img2.png,p42_img1.png",41,103.0
QUESTION 104,"QUESTION 104
Refer to the exhibit. The network administrator configured VRF lite for customer A. The technician at the remote site misconfigured VRF on the router. Which
configuration will resolve connectivity for both sites of customer A?","A. ip vrf customer_a 
rd 1:2
route-target both 1:1
B. ip vrf customer_a 
rd 1:2
route-target both 1:2
C. ip vrf customer_a 
rd 1:1
route-target import 1:1
route-target export 1:2
D. ip vrf customer_a 
rd 1:1
route-target export 1:2
route-target import 1:2",A,p42_img0.png,42,104.0
QUESTION 105,"QUESTION 105
After some changes in the routing policy, it is noticed that the router in AS 45123 is being used as a transit AS router for several service providers. Which configuration
ensures that the branch router in AS 45123 advertises only the local networks to all SP neighbors?","A. ip as-path access-list 1 permit ^45123$ 
! 
router bgp 45123 
neighbor SP-Neighbors filter-list 1 out
B.  ip as-path access-list 1 permit ^45123 
! 
router bgp 45123 
neighbor SP-Neighbors filter-list 1 out
C. ip as-path access-list 1 permit ^$ 
! 
router bgp 45123 
neighbor SP-Neighbors filter-list 1 out
D. ip as-path access-list 1 permit 
! 
router bgp 45123 
neighbor SP-Neighbors filter-list 1 out",C,,43,105.0
QUESTION 106,"QUESTION 106
Refer to the exhibit. An engineer is trying to get a packet destined for 192.168.32.100 forwarded through 10.1.1.1, but it was forwarded through 10.1.1.2. What action
forwards the packets through 10.1.1.1?","A. Configure EIGRP to receive 192.168.32.0 route with lower metric
B. Configure EIGRP to receive 192.168.32.0 route with lower administrative distance
C. Configure EIGRP to receive 192.168.32.0 route with equal or longer prefix than /24
D. Configure EIGRP to receive 192.168.32.0 route with longer prefix than /19",C,p43_img0.png,43,106.0
QUESTION 107,"QUESTION 107
In the following SNMP attributes for SNMPv2c and SNMPv3, which are the attributes that matches best for SNMPv2c? (Choose 3)","A. Community String
B. username and password
C. authentiation
D. no encryption
E. privileged
F. read-only",ADF,,44,107.0
QUESTION 108,,"A. Community String
B. username and password
C. authentiation
D. no encryption
E. privileged
F. read-only",BCE,p44_img0.png,44,108.0
QUESTION 109,,"A. assigns labels to unlabeled packets
B. handles traffic between multiple VPNs
C. reads the labels and forwards the packet based on the labels
D. performs penultimate hop popping",CD,p44_img0.png,44,109.0
QUESTION 110,,"A. assigns labels to unlabeled packets
B. handles traffic between multiple VPNs
C. reads the labels and forwards the packet based on the labels
D. performs penultimate hop popping",AB,p45_img1.png,45,110.0
QUESTION 111,,"A. Modify the access list to use the correct IP address.
B. Configure the correct time range.
C. Modify the access list to correct the subnet mask
D. Configure the access list in the outbound direction.",A,"p45_img1.png,p45_img0.png",45,111.0
QUESTION 112,"QUESTION 112
Refer to The exhibit.

The network administrator must mutually redistribute routes at the Chicago router to the LA and NewYork routers. The configuration of the Chicago router is this:
router ospf 1 
 redistribute eigrp 100 
router eigrp 100 
 redistribute ospf 1
After the configuration, the LA router receives all the NewYork routes, but NewYork router does not receive any LA routes. Which set of configurations fixes the
problem on the Chicago router?","A. router ospf 1
redistribute eigrp 100 metric 20
B. router eigrp 100
redistribute ospf 1 metric 10 10 10 10 10
C. router eigrp 100
redistribute ospf 1 subnets
D. router ospf 1
redistribute eigrp 100 subnets",B,p46_img1.png,45,112.0
QUESTION 113,"QUESTION 113
Refer to the exhibit. BGP is flapping after the Copp policy is applied. What are the two solutions to fix the issue? (Choose two)","A. Configure BGP in the COPP-CRITICAL-7600 ACL
B. Configure a higher value for CIR under the default class to allow more packets during peak traffic
C. Configure a higher value for CIR under the class COPP-CRITICAL-7600
D. Configure a three-color policer instead of two-color policer under class COPP-CRITICAL-7600
E. Configure IP CEF to CoPP policy and BGP to work",AB,p46_img0.png,46,113.0
QUESTION 114,"QUESTION 114
Refer to the exhibit. Which two actions should be taken to access the server? (Choose two.)","A. Modify the access list to add a second line of permit ip any
B. Modify the access list to deny the route to 192.168.2.2.
C. Modify distribute list seq 10 to permit the route to 192.168.2.2.
D. Add a sequence 20 in the route map to permit access list 1.
E. Add a floating static route to reach to 192.168.2.2 with administrative distance higher than OSPF",CE,p47_img0.png,46,114.0
QUESTION 115,"QUESTION 115
Refer to the exhibit.

To provide reachability to network 10.1.1.0 /24 from R5, the network administrator redistributes EIGRP into OSPF on R3 but notices that R4 is now taking a sub-
optimal path through R5 to reach 10.1.1.0/24 network. Which action fixes the issue while keeping the reachability from R5 to 10.1.1.0/24 network?","A. Change the administrative distance of the external EIGRP to 90.
B. Apply the outbound distribution list on R5 toward R4 in OSPF.
C. Change the administrative distance of OSPF to 200 on R5.
D. Redistribute OSPF into EIGRP on R4.",A,p48_img1.png,47,115.0
QUESTION 116,"QUESTION 116
An engineer configured a company’s multiple area OSPF head office router and Site A cisco routers with VRF lite. Each site router is connected to a PE router of an
MPLS backbone.

After finishing both site router configurations, none of the LSA 3,4 5, and 7 are installed at Site A router. Which configuration resolves this issue?","A. configure capability vrf-lite on Site A and its connected PE router under router ospf 1 vrf abc
B. configure capability vrf-lite on Head Office and its connected PE router under router ospf 1 vrf abc
C. configure capability vrf-lite on both PE routers connected to Head Office and Site A routers under routtr ospf 1 vrf abc
D. configure capability vrf-lite on Head Office and Site A routers under router ospf 1 vrf abc",D,p48_img0.png,48,116.0
QUESTION 117,"QUESTION 117
Refer to the exhibit. A network administrator is discovering a Cisco Catalyst 9300 and a Cisco WLC 3504 in Cisco DNA Center. The Catalyst 9300 is added
successfully However the WLC is showing [ error “uncontactable” when the administrator tries to add it in Cisco DNA Center. Which action discovers WLC in Cisco
DNA Center successfully?","A. Copy the .cert file from the Cisco DNA Center on the USB and upload it to the WLC 3504.
B. Delete the WLC 3504 from Cisco DNA Center and add it to Cisco DNA Center again.
C. Add the WLC 3504 under the hierarchy of the Catalyst 9300 connected devices.
D. Copy the .pern file from the Cisco DNA Center on the USB and upload it to the WLC 3504.",D,p49_img2.png,49,117.0
QUESTION 118,"QUESTION 118
During the maintenance window, an administrator accidentally deleted the telnet-related configuration that permits a Telnet connection from the inside network (Eth
0/0) to the outside of the network between Friday-Sunday night hours only. Which configuration resolves the issue?","A.
B.
C.
D.",C,"p49_img1.png,p49_img0.png,p50_img3.png,p50_img2.png",49,118.0
QUESTION 119,"QUESTION 119
Refer to the exhibit. An engineer has configured DMVPN on a spoke router. What is the WAN IP address of another spoke router within the DMVPN network?","A. 172.18.46.2
B. 192.168.1.4
C. 172.18.16.2
D. 192.168.1.1",A,p50_img1.png,50,119.0
QUESTION 120,"QUESTION 120
Refer to the exhibit.

The neighbor is not coming up. Which two sets of configurations bring the neighbors up? (Choose two.)","A.
B.
C.
D.
E.",AC,"p50_img0.png,p51_img5.png,p51_img4.png,p51_img3.png,p51_img2.png,p51_img1.png,p51_img0.png",50,120.0
QUESTION 121,"QUESTION 121
Refer to the exhibit. All the serial links between R1, R2, and R3 have the same bandwidth. Users on 192.168.1.0/24 (R1) network report slow responses on network
192.168.3.0/24 (R3). A traceroute is run on the path, it shows that the packet is getting forwarded via R2 to R3 although the link between R1 and R3 are up. What can
the network administrator do to fix the slowness.","A. Change the Administrative Distance of EIGRP to 5
B. Add a static route on R1 using the next hop of R3
C. Remove the static route on R1.
D. Redistribute the R1 route to EIGRP",C,p52_img1.png,51,121.0
QUESTION 122,"QUESTION 122
Refer to the exhibit. An IP SLA is configured to use the backup default route when the primary is down, but it is not working as desired. Which command fixes the
issue?","A. R1(config)# ip route 0.0.0.0.0.0.0.0.2.2.2.2 10 track 1
B. R1(config)# ip route 0.0.0.0.0.0.0.0.2.2.2.2
C. R1(config)#ip sla track 1
D. R1(config)# ip route 0.0.0.0.0.0.0.0.1.1.1.1 track 1",D,p52_img0.png,52,122.0
QUESTION 123,"QUESTION 123
What are two functions of IPv6 Source Guard? (Choose two.)","A. It uses the populated binding table for allowing legitimate traffic.
B. It works independent from IPv6 neighbor discovery.
C. It denies traffic from unknown sources or unallocated addresses.
D. It denies traffic by inspecting neighbor discovery packets for specific pattern.
E. It blocks certain traffic by inspecting DHCP packets for specific sources.",AC,,52,123.0
QUESTION 124,"QUESTION 124
What is the output of the following command:
show ip vrf","A. Show’s default RD values
B. Displays IP routing table information associated with a VRF
C. Show’s routing protocol information associated with a VRF.
D. Displays the ARP table (static and dynamic entries) in the specified VRF",A,,53,124.0
QUESTION 125,"QUESTION 125
An engineer configured access list NON-CISCO in a policy to influence routes. What are the two effects of this route map configuration? (Choose two.)","A. Packets are not evaluated by sequence 10.
B. Packets are evaluated by sequence 10.
C. Packets are forwarded to the default gateway.
D. Packets are forwarded using normal route lookup.
E. Packets are dropped by the access list.",BC,p53_img0.png,53,125.0
QUESTION 126,"QUESTION 126
Refer to the exhibit. An engineer identifier a Layer 2 loop using DNAC. Which command fixes the problem in the SFD9300-1 switch?","A. spanning-tree porfast bpduguard
B. no spanning-tree uplinkfast
C. spanning-tree loopguard default
D. spanning-tree backbonefast",C,"p54_img1.png,p54_img0.png",53,126.0
QUESTION 127,"QUESTION 127
Refer to the exhibit.

A network administrator configured an IPv6 access list to allow TCP return frame only, but it is not working as expected. Which changes resolve this issue?","A.
B.
C.
D.",C,"p55_img4.png,p55_img3.png,p55_img2.png,p55_img1.png,p55_img0.png",54,127.0
QUESTION 128,"QUESTION 128
Refer to the exhibit. Which interface configuration must be configured on the HUB router to enable MVPN with mGRE mode?","A.
B.
C.
D.",C,"p56_img4.png,p56_img3.png,p56_img2.png,p56_img1.png,p56_img0.png",55,128.0
QUESTION 129,"QUESTION 129
Which is statement about IPv6 inspection is true?","A. It learns and secures bindings for stateless autoconfiguration addresses in Layer 3 neighbor tables
B. It learns and secures bindings for stateful autoconfiguration addresses in Layer 3 neighbor tables
C. It learns and secures bindings for stateful autoconfiguration addresses in Layer 2 neighbor tables
D. It learns and secures binding for stateless autoconfiguration addresses in Layer 2 neighbor tables.",D,,57,129.0
QUESTION 130,"QUESTION 130
Which feature drops packets if the source address is not found in the snooping table?","A. IPv6 Source Guard
B. IPv6 Destination Guard
C. IPv6 Prefix Guard
D. Binding Table Recovery",A,,57,130.0
QUESTION 131,"QUESTION 131
Given the network diagram, which address would successfully summarize only the networks seen?","A. 192.168.0.0/24
B. 192.168.8.0/20
C. 192.168.8.0/21
D. 192.168.12.0/20
E. 192.168.16.0/21
F. These networks cannot be summarized.",C,p57_img0.png,57,131.0
QUESTION 132,"QUESTION 132
Refer to the exhibit. An engineer receives this error message when trying to access another router in-band from the serial interface connected to the console of R1.
Which configuration is needed on R1 to resolve this issue?","A.
B.
C.
D.",D,"p58_img4.png,p58_img3.png,p58_img2.png,p58_img1.png,p58_img0.png",57,132.0
QUESTION 133,"QUESTION 133
Refer to the exhibit. A company with autonomous system number AS65401 has obtained IP address block 209.165.200.224/27 from ISP1. The company needed more
IP addresses and was assigned block 209.165.202.128/27 from ISP2. An engineer is ISP1 reports they are receiving ISP2 routes from AS65401. Which configuration
on R1 resolves the issue?","A.
B.
C.
D.",A,"p59_img4.png,p59_img3.png,p59_img2.png,p59_img1.png,p59_img0.png",58,133.0
QUESTION 134,"QUESTION 134
Refer to the exhibit. Which two actions restrict access to router R1 by SSH? (Choose two.)","A. Configure transport input ssh on line vty and remove sequence 30 from access list 100.
B. Configure transport output ssh on line vty and remove sequence 20 from access list 100.
C. Remove class-map ANY from service-policy CoPP
D. Configure transport output ssh on line vty and remove sequence 10 from access list 199.
E. Remove sequence 10 from access list 100 and add sequence 20 deny tcp any any eq telnet to access list 199",AB,p60_img0.png,60,134.0
QUESTION 135,"QUESTION 135
Refer to the exhibits. When DMVPN is configured, which configuration allows spoke-to-spoke communication using loopback as tunnel source?","A. Configure crypto isakmp key cisco address 0.0.0.0 on the hub
B. Configure crypto isakmp key Cisco address 200.1.0.0 255.255.0.0 on the hub
C. Configure crypto isakmp key cisco address 200.1.0.0 255.255.0.0 on the spokes.
D. Configure crypto isakmp key cisco address 0.0.0.0 on the spokes.",D,p61_img0.png,60,135.0
QUESTION 136,"QUESTION 136
Refer to the exhibit. A client is concerned that passwords are visible when running this show archive log config all. Which router configuration is needed to resolve this
issue?","A. MASS-RTR(config-archive-log-cfg)#password encryption aes
B. MASS-RTR(config)#aaa authentication arap
C. MASS-RTR(config)#service password-encryption
D. MASS-RTR(config-archive-log-cfg)#hidekeys",D,p62_img3.png,61,136.0
QUESTION 137,"QUESTION 137
Refer to the exhibit. A network engineer for AS64512 must remove the inbound and outbound traffic from link A during maintenance without closing the BGP session
so that there is still a backup link over link A toward the ASN. Which BGP configuration on R1 accomplishes this goal?","A.
B.
C.
D.",D,"p62_img2.png,p62_img1.png,p62_img0.png,p63_img2.png,p63_img1.png",62,137.0
QUESTION 138,"QUESTION 138
Refer to the exhibit. A user cannot SSH to the router. What action must be taken to resolve this issue?","A. Configure transport input ssh
B. Configure transport output ssh
C. Configure ip ssh version 2
D. Configure ip ssh source-interface loopback0",A,p63_img0.png,63,138.0
QUESTION 139,"QUESTION 139
An engineer configured a leak-map command to summarize EIGRP routes and advertise specifically loopback 0 with an IP of 10.1.1.1.255.255.255.252 along with the
summary route. After finishing configuration, the customer complained not receiving summary route with specific loopback address. Which two configurations will fix it?
(Choose two.)","A. Configure access-list 1 permit 10.1.1.0.0.0.0.3.
B. Configure access-list 1 permit 10.1.1.1.0.0.0.252
C. Configure access-list 1 and match under route-map Leak-Route.
D. Configure route-map Leak-Route permit 10 and match access-list 1.
E. Configure route-map Leak-Route permit 20.",AD,p64_img5.png,63,139.0
QUESTION 140,"QUESTION 140
Refer to the exhibits.

A user on the 192.168.1.0/24 network can successfully ping 192.168.3.1, but the administrator cannot ping 192.168.3.1 from the LA router. Which set of configurations
fixes the issue?","A.
B.
C.
D.",B,"p64_img4.png,p64_img3.png,p64_img2.png,p64_img1.png,p64_img0.png",64,140.0
QUESTION 141,"QUESTION 141
What is the role of a route distinguisher via a VRF-Lite setup implementation?","A. It extends the IP address to identify which VFP instance it belongs to.
B. It manages the import and export of routes between two or more VRF instances
C. It enables multicast distribution for VRF-Lite setups to enhance EGP routing protocol capabilities
D. It enables multicast distribution for VRF-Lite setups to enhance IGP routing protocol capabilities",A,,65,141.0
QUESTION 142,"QUESTION 142
Refer to the exhibit. The server for the finance department is not reachable consistently on the 200.30.40.0/24 network and after every second month it gets a new IP
address. Which two actions must be taken to resolve this Issue? (Choose two.)","A. Configure the server to use DHCP on the network with default gateway 200.30.40.100.
B. Configure the server with a static IP address and default gateway.
C. Configure the router to exclude a server IP address.
D. Configure the server to use DHCP on the network with default gateway 200 30.30.100.
E. Configure the router to exclude a server IP address and default gateway.",BE,p65_img1.png,65,142.0
QUESTION 143,"QUESTION 143
Refer to the exhibit. Which routes from OSPF process 5 are redistributed into EIGRP?","A. E1 and E2 subnets matching access list TO-OSPF
B. E1 and E2 subnets matching prefix list TO-OSPF
C. only E2 subnets matching access list TO-OSPF
D. only E1 subnets matching prefix listTO-OS1",A,p65_img0.png,65,143.0
QUESTION 144,"QUESTION 144
Refer to the exhibit. A user has set up an IP SLA probe to test if a non SLA host web server on IP address 10.1.1.1 accepts HTTP sessions prior to deployment. The
probe is failing. Which action should the network administrator recommend for the probe to succeed?","A. Re-issue the ip sla schedule command.
B. Add icmp-echo command for the host.
C. Add the control disable option to the tcp connect
D. Modify the ip sla schedule frequency to forever.",C,p66_img1.png,65,144.0
QUESTION 145,"QUESTION 145
Refer to the exhibit. R1 is connected with R2 via GigabitEthernet0/0, and R2 cannot ping R1. What action will fix the issue ?","A. Fix route dampening configured on the router.
B. Replace the SFP module because it is not supported.
C. Fix IP Event Dampening configured on the interface.
D. Correct the IP SLA probe that failed.",C,p66_img0.png,66,145.0
QUESTION 146,"QUESTION 146
Refer to the exhibit. The administrator can see the traps for the failed login attempts, but cannot see the traps of successful login attempts. What command is needed
to resolve the issue?","A. Configure logging history 2
B. Configure logging history 3
C. Configure logging history 4
D. Configure logging history 5",D,p67_img1.png,67,146.0
QUESTION 147,"QUESTION 147
Refer to the exhibit. An IPv6 network was newly deployed in the environment and the help desk reports that R3 cannot SSH to the R2’s Loopback interface. Which
action resolves the issue?","A. Modify line 10 of the access list to permit instead of deny.
B. Remove line 60 from the access list.
C. Modify line 30 of the access list to permit instead of deny.
D. Remove line 70 from the access list.",C,p67_img0.png,67,147.0
QUESTION 148,"QUESTION 148
An engineer configured SNMP notifications sent to the management server using authentication and encrypting data with DES. An error in the response PDU is
received as “UNKNOWNUSERNAME. WRONGDIGEST”. Which action resolves the issue?","A. Configure the correct authentication password using SNMPv3 authPriv.
B. Configure the correct authentication password using SNMPv3 authNoPriv.
C. Configure correct authentication and privacy passwords using SNMPv3 authNoPriv.
D. Configure correct authentication and privacy passwords using SNMPv3 authPriv.",D,,68,148.0
QUESTION 149,"QUESTION 149
What are two functions of LDP? (Choose two.)","A. It is defined in RFC 3038 and 3039.
B. It requires MPLS Traffic Engineering.
C. It advertises labels per Forwarding Equivalence Class.
D. It must use Resource Reservation Protocol.
E. It uses Forwarding Equivalence Class",CE,,68,149.0
QUESTION 150,"QUESTION 150
Refer to the exhibit. An engineer wanted to set a tag of 30 to route 10 1.80.65/32 but it failed How is the issue fixed?","A. Modify route-map ospf-to-eigrp permit 30 and match prefix-list ccnp2.
B. Modify route-map ospf-to-eigrp permit 10 and match prefix-list ccnp2.
C. Modify prefix-list ccnp3 to add 10.1.64.0/20 le 24
D. Modify prefix-list ccnp3 to add 10.1.64.0/20 ge 32",B,p68_img0.png,68,150.0
QUESTION 151,"QUESTION 151
Refer to the exhibit. A junior engineer updated a branch router configuration. Immediately after the change, the engineer receives calls from the help desk that branch
personnel cannot reach any network destinations. Which configuration restores service and continues to block 10.1.1.100/32?","A. route-map FILTER-IN deny 5
B. ip prefix-list 102 seq 15 permit 0.0.0.0/32 le 32
C. ip prefix-list 102 seq 5 permit 0.0.0.0/32 le 32
D. route-map FILTER-IN permit 20",D,p69_img1.png,69,151.0
QUESTION 152,"QUESTION 152
Refer to the exhibit. A network administrator configured mutual redistribution on R1 and R2 routers, which caused instability in the network. Which action resolves the
issue?","A. Set a tag in the route map when redistributing EIGRP into OSPF on R1. and match the same tag on R2 to allow when redistributing OSPF into EIGRP.
B. Apply a prefix list of EIGRP network routes in OSPF domain on R1 to propagate back into the EIGRP routing domain.
C. Set a tag in the route map when redistributing EIGRP into OSPF on R1, and match the same tag on R2 to deny when redistributing OSPF into EIGRP.
D. Advertise summary routes of EIGRP to OSPF and deny specific EIGRP routes when redistributing into OSPF.",C,p69_img0.png,69,152.0
QUESTION 153,"QUESTION 153
Which two statements about VRF-Lite configurations are true? (Choose two.)","A. They support the exchange of MPLS labels
B. Different customers can have overlapping IP addresses on different VPNs
C. They support a maximum of 512.000 routes
D. Each customer has its own dedicated TCAM resources
E. Each customer has its own private routing table
F. They support IS-IS",BE,,69,153.0
QUESTION 154,"QUESTION 154
Refer to Exhibit. Which statement about redistribution from BGP into OSPF process 10 is true?","A. Network 172.16.1.0/24 is not redistributed into OSPF
B. Network 10.10 10.0/24 is not redistributed into OSPF
C. Network 172.16.1.0/24 is redistributed with administrative distance of 1.
D. Network 10.10.10.0/24 is redistributed with administrative distance of 20.",A,p70_img0.png,70,154.0
QUESTION 155,"QUESTION 155
Which option is the best for protecting CPU utilization on a device?","A. fragmentation
B. COPP
C. ICMP redirects
D. ICMP unreachable messages",B,,70,155.0
QUESTION 156,"QUESTION 156
Refer to the exhibit. R1 is being monitored using SNMP and monitoring devices are getting only partial information. What action should be taken to resolve this issue?","A. Modify the CoPP policy to increase the configured exceeded limit for SNMP.
B. Modify the access list to include snmptrap.
C. Modify the CoPP policy to increase the configured CIR limit for SNMP.
D. Modify the access list to add a second line to allow udp any any eq snmp",C,p71_img0.png,70,156.0
QUESTION 157,"QUESTION 157
An engineer configured a Cisco router to send reliable and encrypted notifications for any events to the management server. It was noticed that the notification
messages are reliable but not encrypted. Which action resolves the issue?","A. Configure all devices for SNMPv3 informs with priv.
B. Configure all devices for SNMPv3 informs with auth.
C. Configure all devices for SNMPv3 traps with auth.
D. Configure all devices for SNMPv3 traps with priv.",A,,71,157.0
QUESTION 158,"QUESTION 158
Refer to the exhibit. A network administrator is using the DNA Assurance Dashboard panel to troubleshoot an OSPF adjacency that failed between Edge_NYC
interface GigabitEthernet1/3 with Neighbor Edge_SNJ. The administrator observes that the neighborship is stuck in exstart state. How does the administrator fix this
issue?","A. Configure to match the OSPF interface speed and duplex settings on both routers.
B. Configure to match the OSPF interface MTU settings on both routers.
C. Configure to match the OSPF interface unique IP address and subnet mask on both routers.
D. Configure to match the OSPF interface network types on both routers.",B,p72_img0.png,71,158.0
QUESTION 159,"QUESTION 159
What does IPv6 Source Guard utilize to determine if IPv6 source addresses should be forwarded?","A. ACE
B. ACLS
C. DHCP
D. Binding Table",D,,72,159.0
QUESTION 160,"QUESTION 160
How are MPLS Layer 3 VPN services deployed?","A. The RD and RT values must match under the VRF
B. The RD and RT values under a VRF must match on the remote PE router
C. The import and export RT values under a VRF must always be the same
D. The label switch path must be available between the local and remote PE routers.",D,,72,160.0
QUESTION 161,"QUESTION 161
When configuring Control Plane Policing on a router to protect it from malicious traffic, an engineer observes that the configured routing protocols start flapping on that
device. Which action in the Control Plane Policy prevents this problem in a production environment while achieving the security objective?","A. Set the conform-action and exceed-action to transmit initially to test the ACLs and transmit rates and apply the Control Plane Policy in the output direction
B. Set the conform-action and exceed-action to transmit initially to test the ACLs and transmit rates and apply the Control Plane Policy in the input direction
C. Set the conform-action to transmit and exceed-action to drop to test the ACLs and transmit rates and apply the Control Plane Policy in the input direction
D. Set the conform-action to transmit and exceed-action to drop to test the ACLs and transmit rates and apply the Control Plane Policy in the output direction",B,,72,161.0
QUESTION 162,"QUESTION 162
Refer to the exhibit. A network administrator configured NTP on a Cisco router to get synchronized time for system and logs from a unified time source The
configuration did not work as desired Which service must be enabled to resolve the issue?","A. Enter the service timestamps log datetime localtime global command.
B. Enter the service timestamps log datetime synchronize global command.
C. Enter the service timestamps log datetime console global command.
D. Enter the service timestamps log datetime clock-period global command",A,p73_img0.png,72,162.0
QUESTION 163,"QUESTION 163
Refer to the exhibit. R1 and R2 cannot establish an EIGRP adjacency. Which action establishes EIGRP adjacency?","A. Remove the current autonomous system number on one of the routers and change to a different value.
B. Remove the passive-interface command from the R2 configuration so that it matches the R1 configuration.
C. Add the no auto-summary command to the R2 configuration so that it matches the R1 configuration.
D. Add the passive-interface command to the R1 configuration so that it matches the R2 configuration.",B,p74_img0.png,73,163.0
QUESTION 164,"QUESTION 164
Which two components are needed for a service provider to utilize the L3 VPN MPLS application? (Choose two.)","A. The P routers must be configured for MP-iBGP toward the PE routers
B. The P routers must be configured with RSVP.
C. The PE routers must be configured for MP-iBGP with other PE routers
D. The PE routers must be configured for MP-eBGP to connect to CEs
E. The P and PE routers must be configured with LDP or RSVP",CE,,74,164.0
QUESTION 165,"QUESTION 165
An engineer configured two routers connected to two different service providers using BGP with default attributes. One of the links is presenting high delay, which
causes slowness in the network. Which BGP attribute must the engineer configure to avoid using the high-delay ISP link if the second ISP link is up?","A. LOCAL_PREF
B. MED
C. WEIGHT
D. AS-PATH",A,,74,165.0
QUESTION 166,"QUESTION 166
Refer to Exhibit. Which two configurations allow clients to get dynamic ip addresses assigned?","A. Configure access-list 100 permit udp any any eq 61 as the first line
B. Configure access-list 100 permit udp any any eq 86 as the first line
C. Configure access-list 100 permit udp any any eq 68 as the first line
D. Configure access-list 100 permit udp any any eq 69 as the first line
E. Configure access-list 100 permit udp any any eq 67 as the first line",CE,p75_img1.png,75,166.0
QUESTION 167,"QUESTION 167
Refer to the exhibit. The administrator configured route advertisement to a remote low resources router to use only the default route to reach any network but failed.
Which action resolves this issue?","A. Change the direction of the distribute-list command from out to in.
B. Remove the line with the sequence number 5 from the prefix list.
C. Remove the prefix keyword from the distribute-list command.
D. Remove the line with the sequence number 10 from the prefix list.",B,p75_img0.png,75,167.0
QUESTION 168,"QUESTION 168
Refer to the exhibit. The neighbor relationship is not coming up. Which two sets of configurations bring the neighbors up? (Choose two)","A. R2
ip route 10.1.1.2 255.255.255.255 192.168.1.2
router bgp 100
neighbor 10.1.1.2 ttl-security hops 1
neighbor 10.1.1.2 update-source loopback 0
B. R1
ip route 10.1.1.2 255.255.255.255 192.168.1.2
router bgp 100
neighbor 10.1.1.2 disable-connected-check
neighbor 10.1.1.2 update-source loopback0
C. R2
ip route 10.1.1.1 255.255.255.255 192.168.1.1
router bgp 200
neighbor 10.1.1.1 disable-connected-check
neighbor 10.1.1.1 update-source loopback0
D. R2
ip route 10.1.1.1 255.255.255.255 192.168.1.1
router bgp 200
neighbor 10.1.1.1 ttl-security hops 1
neighbor 10.1.1.1 update-source loopback 0",BC,p76_img1.png,75,168.0
QUESTION 169,"QUESTION 169
Refer to the exhibit. Which option describes why the EIGRP neighbors of this router are not learning routes that are received from OSPF?","A. The subnet defined in OSPF is not part of area 0
B. Default metrics are not configured under EIGRP
C. There is no overlap in the subnets advertised
D. The routing protocols do not have the same AS number",B,p76_img0.png,76,169.0
QUESTION 170,"QUESTION 170
Refer to the exhibit. An engineer has successfully set up a floating static route from the BRANCH router to the HQ network using HQ_R1 as the primary default
gateway When the g0/0 goes down on HQ_R1, the branch network cannot reach the HQ network 192.168.20.0/24. Which set of configurations resolves the issue?","A. HQ_R3(config)# ip sla responder
HQ_R3(config)# ip sla responder icmp-echo 172.16.35.1
B. BRANCH(config)# ip sla 1
BRANCH(config-ip-sla)# icmp-echo 192.168.100.2
C. HQ R3(config)# ip sla responder
HQ R3(config)# ip sla responder icmp-echo 172.16.35.5
D. BRANCH(config)# ip sla 1
BRANCH(config-ip-sla)# icmp-echo 192.168.100.1",D,p77_img0.png,76,170.0
QUESTION 171,"QUESTION 171
An engineer configured a DHCP server for Cisco IP phones to download its configuration from a TFTP server, but the IP phones failed to toad the configuration What
must be configured to resolve the issue?","A. BOOTP port 67
B. DHCP option 66
C. BOOTP port 68
D. DHCP option 69",B,,77,171.0
QUESTION 172,"QUESTION 172
Refer to the exhibit. Which action restores the routes from neighbors while still filtering 1.1.1.0/24?","A. Add a second line in the access list to permit any.
B. Modify the route map to permit the access list instead of deny it
C. Modify the access list to deny insteac of permit it.
D. Add a second sequence in the route map permit 20",D,p78_img0.png,77,172.0
QUESTION 173,"QUESTION 173
A DMVPN single hub topology is using IPsec + mGRE with OSPF. What should be configured on the hub to ensure it will be the designated router?","A. tunnel interface of the hub with ip nhrp ospf dr
B. OSPF priority to 0
C. route map to set the metrics of learned routes to 110
D. OSPF priority greater than 1",D,,78,173.0
QUESTION 174,"QUESTION 174
An engineer configured policy-based routing for a destination IP address that does not exist in the routing table. How is the packet treated through the policy for
configuring the set ip default nexthop command?","A. Packets are not forwarded to the specific next hop.
B. Packets are forwarded based on the routing table.
C. Packets are forwarded based on a static route.
D. Packets are forwarded to the specific next hop.",D,,78,174.0
QUESTION 175,"QUESTION 175
When determining a device's support, what is the minimum time spacing required for a BFD control packet to receive onece a BFD control packet is received?","A. Detect Mult
B. Required Min Echo RX Interval
C. Desired Min TX Interval
D. Required Min RX Interval",D,"p79_img3.png,p79_img2.png,p79_img1.png,p79_img0.png",78,175.0
QUESTION 176,"QUESTION 176
Refer to the exhibit. The remote server is failing to receive the NetFlow data. Which action resolves the issue?","A. Modify the flow transport command transport udp 2055 to move under flow monitor profile.
B. Modify the interface command to ip flow monitor FLOW-MONITOR-1 input.
C. Modify the udp port under flow exporter profile to Ip transport udp 4739.
D. Modify the flow record command record v4_r1 to move under flow exporte",B,p80_img0.png,80,176.0
QUESTION 177,"QUESTION 177
What are two MPLS label characteristics? (Choose two)","A. The label edge router swaps labels on the received packets.
B. Labels are imposed in packets after the Layer 3 header.
C. LDP uses TCP for reliable delivery of information.
D. An MPLS label is a short identifier that identifies a forwarding equivalence class.
E. A maximum of two labels can be imposed on an MPLS packet",CD,,80,177.0
QUESTION 178,"QUESTION 178
What are two characteristics of VRF instance? (Choose two.)","A. All VRFs share customers routing and CEF tables.
B. An interface must be associated to one VRF.
C. Each VRF has a different set of routing and CEF tables
D. It is defined by the VPN membership of a customer site attached to a P device.
E. A customer site can be associated to different VRFs",CE,,80,178.0
QUESTION 179,"QUESTION 179
An engineer sets up a DMVPN connection to connect branch 1 and branch 2 to HQ branch 1 and branch 2 cannot communicate with each other. Which change must
be made to resolve this issue?","A.
B.
C.
D.",D,"p81_img4.png,p81_img3.png,p81_img2.png,p81_img1.png,p81_img0.png",81,179.0
QUESTION 180,"QUESTION 180
Refer to the exhibit. R2 has two paths to reach 192.168.13.0/24. but traffic is sent only through R3. Which action allows traffic to use both paths?","A. Configure the bandwidth 2000 command under interface FastEthernet0/0 on R2.
B. Configure the variance 4 command under the EIGRP process on R2.
C. Configure the delay 1 command under interface FastEthernet0/0 on R2.
D. Configure the variance 2 command under the EIGRP process on R2",B,"p82_img1.png,p82_img0.png",81,180.0
QUESTION 181,"QUESTION 181
Refer to the exhibits. An engineer filtered messages based on severity to minimize log messages. After applying the filter, the engineer noticed that it filtered required
messages as well. Which action must the engineer take to resolve the issue?","A. Configure syslog level 2.
B. Configure syslog level 3.
C. Configure syslog level 4.
D. Configure syslog level 5.",D,p83_img0.png,83,181.0
QUESTION 182,"QUESTION 182
An engineer must configure a Cisco router to initiate secure connections from the router to other devices in the network but kept failing. Which two actions resolve the
issue? (Choose two.)","A. Configure a source port for the SSH connection to initiate
B. Configure a TACACS+ server and enable it
C. Configure transport input ssh command on the console
D. Configure a domain name
E. Configure a crypto key to be generated",DE,,83,182.0
QUESTION 183,"QUESTION 183
Refer to the exhibit. The engineer configured and connected Router2 to Router1. The link came up but could not establish a Telnet connection to Router1 IPv6
address of 2001:DB8::1. Which configuration allows Router2 to establish a Telnet connection to Router1?","A. jpv6 unicast-routing
B. permit ICMPv6 on access list INGRESS for Router2 to obtain IPv6 address
C. permit ip any any on access list EGRESS2 on Router1
D. IPv6 address on GigabitEthernet0/0",B,p84_img0.png,83,183.0
QUESTION 184,"QUESTION 184
Which IPv6 first-hop security feature helps to minimize denial of service attacks?","A. IPv6 Router Advertisement Guard
B. IPv6 Destination Guard
C. DHCPv6 Guard
D. IPv6 MAC address filtering",B,,84,184.0
QUESTION 185,"QUESTION 185
Refer to the exhibit. The OSPF neighbor relationship is not coming up What must be configured to restore OSPF neighbor adjacency?","A. OSPF on the remote router
B. matching hello timers
C. use router ID
D. matching mtu values",D,p85_img0.png,84,185.0
QUESTION 186,"QUESTION 186
In which two ways does the IPv6 First-Hop Security Binding Table operate? (Choose two.)","A. by the recovery mechanism to recover the binding table in the event of a device reboot
B. by IPv6 routing protocols to securely build neighborships without the need of authentication
C. by IPv6 HSRP to make sure neighbors are authenticated before being used as gateways
D. by various IPv6 guard features to validate the data link layer address
E. by storing hashed keys for IPsec tunnels for the built-in IPsec features",AD,,85,186.0
QUESTION 187,"QUESTION 187
An engineer is troubleshooting on the console session of a router and turns on multiple debug commands. The console screen is filled with scrolling debug messages
that none of the commands can be verified if entered correctly or display any output. Which action allows the engineer to see entered console commands while still
continuing the analysis of the debug messages?","A. Configure the logging synchronous command
B. Configure the no logging console debugging command globally
C. Configure the logging synchronous level all command
D. Configure the term no mon command globally",A,,85,187.0
QUESTION 188,"QUESTION 188
Refer to the exhibit. Router DHCP is configured to lease IPv4 and IPv6 addresses to clients on ALS1 and ALS2. Clients on ALS2 receive IPv4 and IPv6 addresses.
Clients on ALS1 receive IPv4 addresses. Which configuration on DSW1 allows clients on ALS1 to receive IPv6 addresses?

DSW1#sh run int f0/0
Building configuration...
Current configuration : 174 bytes
!
interface FastEthernet 0/0
ip address 10.4.10.1 255.255.255.0
ip helper-address 4.4.4.4
duplex auto
speed auto
ipv6 address 2002:A04:A01::A04:A01/120
ipv6 enable
end","A. DSW1(dhcp-config)# default-router 2002:A04:A01::A04:A01
B. DSW1(config)# ipv6 dhcp relay destination 2002:404:404::404:404 GigabitEthernet 1/2
C. DSW1(config)#ipv6 route 2002:404:404::404:404/128 FastEthernet 1/0
D. DSW1(config-if)# ipv6 helper address 2002:404:404::404:404",B,p86_img0.png,85,188.0
QUESTION 189,"QUESTION 189
What are two purposes of using IPv4 and VPNv4 address-family configurations in a Layer 3 MPLS VPN? (Choose two.)","A. RD is prepended to the IPv4 route to make it unique.
B. The VPNv4 address consists of a 64-bit route distinguisher that is prepended to the IPv4 prefix.
C. MP-BGP is used to allow overlapping IPv4 addresses between customers to advertise through the network.
D. The IPv4 address is needed to tag the MPLS label.
E. The VPNv4 address is used to advertise the MPLS VPN label.",AB,,86,189.0
QUESTION 190,"QUESTION 190
Refer to Exhibit. A network administrator has successfully configured DMVPN topology between a hub and two spoke routers. Which two configuration commands
should establish direct communications between spoke 1 and spoke 2 without going through the hub? (Choose two).","A. At the hub router, configure the ip nhrp shortcut command.
B. At the spoke routers, configure the ip nhrp spoke-tunnel command.
C. At the hub router, configure the ip nhrp redirect command
D. At the spoke routers, configure the ip nhrp shortcut command.
E. At the hub router, configure the ip nhrp spoke-tunnel command",CD,p87_img1.png,86,190.0
QUESTION 191,"QUESTION 191
Refer to the exhibit. A network administrator redistributed the default static route into OSPF toward all internal routers to reach to Internet. Which set of commands
restores reachability to the Internet by internal routers?

network 0.0.0.0 0.0.0.0 area 0
redistribute connected 0.0.0.0
D. router ospf 1
redistribute static subnets","A. router ospf 1
default-information originate
B. router ospf 1
C. router ospf 1",A,p87_img0.png,87,191.0
QUESTION 192,"QUESTION 192
Refer to the exhibit.

The network administrator has configured the Customer Edge router (AS 64511) to send only summarized routes toward ISP-1 (AS 100) and ISP-2 (AS 200).
router bgp 64511
network 172.16.20.0 mask 255.255.255.0
network 172.16.21.0 mask 255.255.255.0
network 172.16.22.0 mask 255.255.255.0
network 172.16.23.0 mask 255.255.255.0
aggregate-address 172.16.20.0 255.255.252.0
After this configuration. ISP-1 and ISP-2 continue to receive the specific routes and the summary route. Which configuration resolves the issue?","A. router bgp 64511
aggregate-address 172.16.20.0 255.255.252.0 summary-only
B. router bgp 64511
neighbor 192.168.100.1 summary-only
neighbor 192.168.200.2 summary-only
C. interface E 0/0
ip bgp suppress-map BLOCK_SPECIFIC
!
interface E 0/1
ip bgp suppress-map BLOCK_SPECIFIC
!
ip prefix-list PL_BLOCK_SPECIFIC permit 172.16.20.0/22 ge 24
!
route-map BLOCK_SPECIFIC permit 10
match ip address prefix-list PL_BLOCK_SPECIFIC
D. ip prefix-list PL_BLOCK_SPECIFIC deny 172.16.20.0/22 ge 22
ip prefix-list PL BLOCK SPECIFIC permit 172.16.20.0/22
!
route-map BLOCK_SPECIFIC permit 10
match ip address prefix-list PL_BLOCK_SPECIFIC
!
router bgp 64511
aggregate-address 172.16.20.0 255 255.252.0 suppress-map BLOCKSPECIFIC",A,p88_img0.png,88,192.0
QUESTION 193,"QUESTION 193
Refer to the exhibit. Traffic from the branch network should route through HQ_R1 unless the path is unavailable. An engineer tests this functionality by shutting down
interface on the BRANCH router toward HQ_R1 router but 192.168.20.0/24 is no longer reachable from the branch router. Which set of configurations resolves the
issue?

BRANCH(config)# ip route 0.0.0.0 0.0.0.0 172.16.35.2 track 1
BRANCH(config)# ip route 0.0.0.0 0.0.0.0 172.16.35.6 5
!
BRANCH(config)# ip sla 1
BRANCH(config-ip-sla)# icmp-echo 172.16.35.6
BRANCH(config-ip-sla)# timeout 200
BRANCH(config-ip-sla)# frequency 5
!
BRANCH(config)#ip sla schedule 1 life forever start-time now
!
BRANCH(config)# track 1 ip sla 1 reachability","A. HQ_R1(config)# ip sla responder
HQ_R1(config)# ip sla responder icmp-echo 172.16.35.2
B. BRANCH(config)# ip sla 1
BRANCH(config-ip-sla)# icmp-echo 172.16.35.1
C. HQ_R2(config)# ip sla responder
HQ_R2(config)# ip sla responder icmp-echo 172.16.35.5
D. BRANCH(config)# ip sla 1
BRANCH(config-ip-sla)#icmp-echo 172.16.35.2",D,p89_img1.png,89,193.0
QUESTION 194,"QUESTION 194
Refer to the exhibit.

The DHCP client is unable to receive an IP address from the DHCP server RouterB is configured as follows:
Interface fastethernet 0/0
description Client DHCP ID 394482431
Ip address 172.31.1.1 255.255.255.0
!
ip route 172.16.1.0 255 255 255.0 10.1.1.2
Which command is required on the fastethernet 0/0 interface of RouterB to resolve this issue?","A. RouterB(config-if)# ip helper-address 172.31.1.1
B. RouterB(config-if)# ip helper-address 255.255 255 255
C. RouterB(config-if)# ip helper-address 172.16.1.1
D. RouterB(config-if)# ip helper-address 172.16.1.2",D,p89_img0.png,89,194.0
QUESTION 195,"QUESTION 195
What are two functions of MPLS Layer 3 VPNs? (Choose two.)","A. LDP and BGP can be used for Pseudowire signaling
B. It is used for transparent point-to-multipoint connectivity between Ethernet links/sites.
C. BGP is used for signaling customer VPNv4 routes between PE nodes.
D. A packet with node segment ID is forwarded along with shortest path to destination.
E. Customer traffic is encapsulated in a VPN label when it is forwarded in MPLS network.",CE,,90,195.0
QUESTION 196,"QUESTION 196
Refer to the exhibit. The Los Angeles and New York routers are receiving routes from Chicago but not from each other Which configuration fixes the issue?","A. interface Tunnel1
no ip split-horizon eigrp 111
B. interface Tunnel1
ip next-hop-self eigrp 111
C. interface Tunnel1
tunnel mode Ipsec ipv4
D. interface Tunnel1
tunnel protection ipsec profile IPSec-PROFILE",A,"p90_img0.png,p91_img1.png",90,196.0
QUESTION 197,"QUESTION 197
Refer to the exhibit. Bangkok is using ECMP to reach to the 192 168.5.0/24 network. The administrator must configure Bangkok in such a way that Telnet traffic from
192 168 3 0/24 and 192. 168. 4.0/24 networks uses the HongKong router as the preferred route. Which set of configurations accomplishes this task?","A. access-list 101 permit ip 192.168.3.0 0.0.0.255 192.168.5.0 0.0.0.255
access-list 101 permit ip 192.168.4.0 0.0.0.255 192.168.5.0 0.0.0.255
!
route-map PBR1 permit 10
match ip address 101
set ip next-hop 172.18.1.2
！
interface Ethernet0/3
ip policy route-map PBR1
B. access-list 101 permit tcp 192.168.3.0 0.0.0.255 192.168.5.0 0.0.0.255 eq 23
access-list 101 permit tcp 192.168.4.0 0.0.0.255 192.168.5.0 0.0.0.255 eq 23
！
route-map PBR1 permit 10
match ip address 101
set ip next-hop 172.18.1.2
！
interface Ethernet0/1
ip policy route-map PBR1
C. access-list 101 permit tcp 192.168.3.0 0.0.0.255 192.168.5.0 0.0.0.255 eq 23
access-list 101 permit tcp 192.168.4.0 0.0.0.255 192.168.5.0 0.0.0.255 eq 23
！
route-map PBR1 permit 10
match ip address 101
set ip next-hop 172.18.1.2
！
interface Ethernet0/3
ip policy route-map PBR1
D. access-list 101 permit ip 192.168.3.0 0.0.0.255 192.168.5.0 0.0.0.255
access-list 101 permit ip 192.168.4.0 0.0.0.255 192.168.5.0 0.0.0.255
！
route-map PBR1 permit 10
match ip address 101
set ip next-hop 172.18.1.2
！
interface Ethernet0/1
ip policy route-map PBR1",C,p91_img0.png,91,197.0
QUESTION 198,"QUESTION 198
Refer to the exhibit. Which action resolves the authentication problem?","A. Configure the user name on the TACACS+ server
B. Configure the UDP port 1812 to be allowed on the TACACS+ server
C. Confiqure the TCP port 49 to be reachable by the router
D. Configure the same password between the TACACS+ server and router.",D,p92_img0.png,92,198.0
QUESTION 199,"QUESTION 199
Refer to the exhibit.The administrator successfully logs into R1 but cannot access privileged mode commands.what should be configured to resolve the issue ?","A. aaa authorization reverse-access
B. secret cisco 123! at the end of the username command instead of password cisco123!
C. matching password on vty lines as cisco123!
D. enable secret or enable password commands to enter into privileged mode",D,p93_img2.png,92,199.0
QUESTION 200,"QUESTION 200
Drag and drop the MPLS VPN device types from me left onto the definitions on the right.

Select and Place:",,A,"p93_img1.png,p93_img0.png",93,200.0
QUESTION 201,"QUESTION 201
Drag and Drop the IPv6 First-Hop Security features from the left onto the definitions on the right.

Select and Place:",,A,"p94_img2.png,p94_img1.png",93,201.0
QUESTION 202,"QUESTION 202
Drag and drop the actions from the left into the correct order on the right to configure a policy to avoid following packet forwarding based on the normal routing path.

Select and Place:",,A,"p94_img0.png,p95_img3.png",94,202.0
QUESTION 203,"QUESTION 203
Drap and drop the MPLS concepts from the left onto the descriptions on the right

Select and Place:",,A,"p95_img2.png,p95_img1.png",95,203.0
QUESTION 204,"QUESTION 204
Refer to the exhibit.

A network administrator enables DHCP snooping on the Cisco Catalyst 3750-X switch and configures the uplink port (Port-channel2) as a trusted port. Clients are not
receiving an IP address, but when DHCP snooping is disabled, clients start receiving IP addresses. Which global command resolves the issue?","A. no ip dhcp snooping information option
B. ip dhcp snooping
C. ip dhcp relay information trust portchannel2
D. ip dhcp snooping trust",A,p95_img0.png,95,204.0
QUESTION 205,"QUESTION 205
Refer to the exhibit. NTP is configured across the network infrastructure and Cisco DNA center. An NTP issue was reported on the Cisco DNA Center at 17:15. Which
action resolves the issue?","A. Check and resolve reachability between the WLC and the NTP server
B. Reset the NTP server to resolve any synchronization issues for all devices
C. Check and resolve reacability between Cisco DNA Center and the NTP server.
D. Check and configure NTP on the WLC and synchronize with Cisco DNA Center.",A,p96_img0.png,96,205.0
QUESTION 206,"QUESTION 206
Which two protocols work in the control plane of P routers across the MPLS cloud? (Choose two)","A. LSP
B. RSVP
C. ECMP
D. LDP
E. MPLS OAM",BD,,96,206.0
QUESTION 207,"QUESTION 207
Refer to the exhibit.

A network administrator added one router in the Cisco DNA Center and checked its discovery and health from the Network Health Dashboard. The network
administrator observed that the router is still showing up as unmonitored. What must be configured on the router to mount it in the Cisco DNA Center?","A. Configure router with Netflow data.
B. Configure router with the telemetry data.
C. Configure router with routing to reach Cisco DNA Center
D. Configure router with SNMPv2c or SNMPv3 traps.",B,p97_img1.png,96,207.0
QUESTION 208,"QUESTION 208
Refer to the exhibt.

Routing protocols are mutually redistributed on R3 and R1. Users report intermittent connectivity to services based on the 10.1.1.0/24 prefix. Significant routing update
changes are noticed on R3 when the show ip route profile command is run. How must the serivces be stabilized?","A. The issue with using BGP must be resolved by using another protocol and redistributing it into EIGRP on R3
B. The routing loop must be fixed by reducing the admin distance of iBGP from 200 to 100 on R3.
C. The routing loop must be fixed by reducing the admin distrance of OSPF from 110 to 80 on R3
D. The issue with using iBGP must be fixed by running eBGP between R3 and R4.",B,p97_img0.png,97,208.0
QUESTION 209,"QUESTION 209
Which configuration feature should be used to block rogue router advertisements instead of using the IPv6 Router Advertisement Guard feature?","A. VACL blocking broadcast frames from nonauthorized hosts
B. PVLANs with promiscuous ports associated to route advertisements and isolated ports for nodes
C. PVLANs with community ports associated to route advertisements and isolated ports for nodes
D. IPv4 ACL blocking route advertisements from nonauthorized hosts.",B,p98_img1.png,98,209.0
QUESTION 210,"QUESTION 210
Refer to the exhibit.

AS 111 wanted to use AS 200 as the preferred path for 172.20.5.0/24 and AS100 as the backup. After the configuration, AS 100 is not used for any other routes.
Which configuration resolves the issue?","A. route-map SETLP permit 10
 match ip address prefix-list PLIST1
 set local-preference 110
route-map SETLP permit 20
B. route-map SETLP permit 10
 match ip address prefix-list PLIST1
 set local-preference 99
route-map SETLP permit 20
C. router bgp 111
 no neighbor 192.168.10.1 route-map SETLP in
 neighbor 192.168.20.2 route-map SETLP in
D. router bgp 111
 no neighbor 192.168.10.1 route-map SETLP in
 neighbor 192.168.10.1 route-map SETLP out",B,p98_img0.png,98,210.0
QUESTION 211,"QUESTION 211
Refer to the exhibit. The network administrator configured the branch router for IPv6 on the E0/0 interface. The neighboring router is fully configured to meet
requirements, but the neighbor relationship is not coming up. Which action fixes the problem on the branch router to bring the IPv6 neighbors up?","A. Enable the IPv4 address family under the router ospfv3 4 process by using the address-family ipv4 unicast command
B. Disable IPv6 on the E0/0 interface using the no ipv6 enable command
C. Enable the IPv4 address family under the E0/0 interface by using the address-family ipv4 unicast command
D. Disable OSPF for IPv4 using the no ospfv3 4 area 0 ipv4 command under the E0/0 interface",A,p99_img0.png,99,211.0
QUESTION 212,"QUESTION 212

Which should be configured to allow telnet connection from the PC 2018:DB1:A:B::2 to the server 2018:DB1:A:C::1 ?","A. R2(config)#ipv6 access-list input1
R2(config-ipv6-acl)#sequence 15 permit tcp host 2018:DB1:A:B::2 host 2018:DB1:A:C::1 eq telnet
B. R2(config)#ipv6 access-list input1
R2(config-ipv6-acl)#sequence 25 permit tcp host 2018:DB1:A:B::2 host 2018:DB1:A:C::1 eq telnet
C. R2(config)#ipv6 access-list input1
R2(config-ipv6-acl)#no sequence 20
R2(config-ipv6-acl)#sequence 5 permit tcp host 2018:DB1:A:B::2 host 2018:DB1:A:C::1 eq telnet
D. R2(config)#ipv6 access-list input1
R2(config-ipv6-acl)#permit tcp host 2018:DB1:A:B::2 host 2018:DB1:A:C::1 eq telnet",A,p100_img0.png,100,212.0
QUESTION 213,"QUESTION 213
How does an MPLS Layer 3 VPN function?","A. set of sites use multiprotocol BGP at the customer site for aggregation
B. set of sites interconnect privately over the Internet for security
C. multiple customer sites interconnect through service provider network to create secure tunnels between customer edge devices
D. multiple customer sites interconnect through a service provider network using customer edge to provider edge connectivity",D,,100,213.0
QUESTION 214,"QUESTION 214
A customer reports to the support desk that they cannot pnnt from their PC to the local printer id:401987778. Which tool must be used to diagnose the issue using
Cisco DNA Center Assurance?","A. application trace
B. path trace
C. ACL trace
D. device trace",B,,100,214.0
QUESTION 215,"QUESTION 215
**** Missing a network diagram  in which some Ethernet interface e.g. e0/0, e0/1 .... are actually 100Mbps or 1Gbps links. ****

Refer to the exhibit. SanFrancisco and Boston routers are choosing slower links to reach each other despite the direct links being up Which configuration fixes the
issue?","A.
B.
C.
D.",D,"p101_img7.png,p101_img6.png,p101_img5.png,p101_img4.png,p101_img3.png",100,215.0
QUESTION 216,"QUESTION 216

*** seems LA router configurartion is missing ***
*** probably the LA router is misssing OSPF authentication settings ***
Refer to the exhibit. The neighbor relationship is not coming up Which two configurations bring the adjacency up? (Choose two)","A.
B.
C.
D.
E.",BE,"p101_img2.png,p101_img1.png,p101_img0.png,p102_img4.png,p102_img3.png,p102_img2.png",101,216.0
QUESTION 217,"QUESTION 217

Refer to the exhibit. The network administrator configured redistribution on an ASBR to reach to all WAN networks but failed Which action resolves the issue?","A. The route map must have the keyword prefix-list to evaluate the prefix list entries
B. The OSPF process must have a metric when redistributing prefixes from EIGRP.
C. The route map EIGRP->OSPF must have the 10.0.106.0/24 entry to exist in one of the three prefix lists to pass
D. EIGRP must redistribute the 10.0.106.0/24 route instead of using the network statement",A,p102_img1.png,102,217.0
QUESTION 218,"QUESTION 218

Refer to the exhibit. When monitoring an IPv6 access list, an engineer notices that the ACL does not have any hits and is causing unnecessary traffic to pass through
the interface Which command must be configured to resolve the issue?","A. access-class INTERNET in
B. ipv6 traffic-filter INTERNET in
C. ipv6 access-class INTERNET in
D. ip access-group INTERNET in",B,p102_img0.png,102,218.0
QUESTION 219,"QUESTION 219
An engineer configured Reverse Path Forwarding on an interface and noticed that the routes are dropped when a route lookup fails on that interface for a prefix that is
available in the routing table Which interface configuration resolves the issue?","A. ip verify unicast source reachable-via rx
B. ip verify unicast source reachable-via any
C. ip verify unicast source reachable-via allow-default
D. ip verify unicast source reachable-via 12-src",B,,103,219.0
QUESTION 220,"QUESTION 220

Refer to the exhibit. Troubleshoot and ensure that branch B only ever uses the MPLS B network to reach HQ. Which action achieves this requirement?","A. Introduce an AS path filter on branch A routers so that only local prefixes are advertised into BGP
B. increase the local preference for all HQ prefixes received at branch B from the MPLS B network to be higher than the local preferences used on the MPLS A
network
C. Introduce AS path prepending on the branch A MPLS B network connection so that any HQ advertisements from branch A toward the MPLS B network are
prepended three times
D. Modify the weight of all HQ prefixes received at branch B from the MPLS B network to be higher than the weights used on the MPLS A network",A,p103_img0.png,103,220.0
QUESTION 221,"QUESTION 221

Refer to the exhibit. A network administrator logs into the router using TACACS+ username and password credentials, but the administrator cannot run any privileged
commands Which action resolves the issue?","A. Configure TACACS+ synchronization with the Active Directory admin group
B. Configure the username from a local database
C. Configure full access for the username from TACACS+ server
D. Configure an authorized IP address for this user to access this router",C,"p104_img1.png,p104_img0.png",103,221.0
QUESTION 222,"Refer to the exhibit. The OSPF routing protocol is redistributed into the BGP routing protocol, but not all the OSPF routes are distributed into BGP Which action
resolves the issue?","A. Include the word external in the redistribute command
B. Use a route-map command to redistribute OSPF external routes defined in an access list
C. Include the word internal external in the redistribute command
D. Use a route-map command to redistribute OSPF external routes defined in a prefix list.",C,"p105_img1.png,p105_img0.png",105,222.0
QUESTION 223,"QUESTION 223
Refer to the exhibit. Which action resolves the failed authentication attempt to the router?","A. Configure aaa authorization login command on line vty 0 4
B. Configure aaa authorization login command on line console 0
C. Configure aaa authorization console global command
D. Configure aaa authorization console command on line vty 0 4",C,p106_img0.png,106,223.0
QUESTION 224,"QUESTION 224

Refer to the exhibit. The Math and Science departments connect through the corporate IT router but users in the Math department must not be able to reach the
Science department and vice versa Which configuration accomplishes this task?","A. vrf definition Science
address-family ipv4
!
interface E 0/2
vrf forwarding Science
ip address 192.168.1.1 255.255.255.0
no shut
!
interface E 0/3
vrf forwarding Science
ip address 192.168.2.1 255.255.255.0
no shut
B. vrf definition Science
address family ipv4
!
interface E 0/2
ip address 192.168.1.1 255.255.255.0
no shut
!
interface E 0/3
ip address 192.168.2.1 255.255.255.0
no shut
C. vrf definition Science
!
interface E 0/2
ip address 192.168.1.1 255.255.255.0
no shut
!
interface E 0/3
ip address 192.168.2.1 255.255.255.0
no shut
D. vrf definition Science
address-family ipv4
!
interface E 0/2
ip address 192.168.1.1 255.255.255.0
vrf forwarding Science
no shut
!
interface E 0/3
ip address 192.168.2.1 255.255.255.0
vrf forwarding Science
no shut",A,p107_img0.png,107,224.0
QUESTION 225,"QUESTION 225

A network administrator is tasked to permit http and https traffic only toward the internet from the User1 laptop to adhere to company’s security policy. The
administrator can still ping to www.cisco.com Which interface should the access list 101 be applied to resolve this issue?","A. Interface G0/48 in the incoming direction
B. Interface G0/0 in the outgoing direction.
C. Interface S1/0 in the outgoing direction.
D. Interface G0/0 in the incoming direction.",D,p108_img1.png,107,225.0
QUESTION 226,"QUESTION 226
Drag and drop the LDP features from the left onto the descriptions on the right

Select and Place:",,A,"p108_img0.png,p109_img1.png",108,226.0
QUESTION 227,"QUESTION 227

Refer to the exhibit. While troubleshooting an EIGRP neighbor adjacency problem, the network engineer notices that the interface connected to the neighboring router
is not participating in the EIGRP process. Which action resolves the issues?","A. Configure the network command to network 172.16.0.1 0.0.0.0
B. Configure the network command under EIGRP address family vrf CLIENT1
C. Configure EIGRP metrics on interface FastEthernet0/3
D. Configure the network command under EIGRP address family ipv4",B,p109_img0.png,109,227.0
QUESTION 228,"QUESTION 228
Refer to the exhibit.

A network administrator reviews the branch router console log to troubleshoot the OSPF adjacency issue with the DR router. Which action resolves this issue?","A. Conﬁgure the WAN interface for DR site in the related OSPF area.
B. Stabilize the DR site flapping link to establish OSPF adjacency.
C. Advertise the branch WAN interface matching subnet for the DR site.
D. Conﬁgure matching hello and dead intervals between sites-",C,p110_img0.png,109,228.0
QUESTION 229,"QUESTION 229
How is VPN routing information distributed in an MPLS network?","A. The top level of the customer data packet directs it to the correct CE device.
B. It is established using VPN lPsec peers.
C. It is controlled through the use of RD.
D. It is controlled using of VPN target communities.",D,,110,229.0
QUESTION 230,"QUESTION 230
Refer to the exhibit.

The network administrator can see the DHCP discovery packet in R1, but R2 is not replying to the DHCP request The R1 related interface is conﬁgured with the DHCP
helper address. If the PC is directly connected to the Fa0/1 interface on R2, the DHCP server ssigns as IP address from the DHCP pool to the PC.
Which two commands resolve this issue? (Choose two.)","A. service dhcp command on R1
B. ip dhcp relay information trust-all command on R2
C. ip dhcp relay information enable command on R1
D. servlce dhcp-relay command on R1
E. ip dhcp option 82 command on R2",AB,p111_img1.png,110,230.0
QUESTION 231,"QUESTION 231

Refer to the exhibit. BGP and EIGRP are mutually redistributed on R3, and EIGRP and OSPF are mutually redistributed on R1 . Users report packet loss and
interruption of service to applications hosted on the 10.1.1.0/24 preﬁx.
An engineer tested the link from R3 to R4 with no packet loss present but has noticed frequent routing changes on R3 when running the debug ip route command.
Which action stabilizes the service?","A. Tag the 10.1.1.0/24 preﬁx and deny the preﬁx from being redistributed into OSPF on R1.
B. Reduce frequent OSPF SPF calculations on R3 that cause a high CPU and packet loss on trafﬁc traversing R3.
C. Place an OSPF distribute-list outbound on R3 to block the 10.1.1.0/24 preﬁx from being advertised back to R3.
D. Repeat the test from R4 using lCMP ping on the local 10.1.1.0/24 preﬁx, and ﬁx any Layer 2 errors on the host or switch side of the subnet.",A,p111_img0.png,111,231.0
QUESTION 232,"QUESTION 232

Refer to the exhibit PC-2 failed to establish a Telnet connection to the terminal server. Which conﬁguration resolves the issue?","A. Gateway-Router(conﬁg)#ipv6 access-list Default_Access
Gateway-Router(conﬁg-ipv6-acl)#sequence 25 permit tcp host 2018:DB1:A:B::2 host 2018:DB1:A:C::1 eq telnet
B. Gateway-Routed(conﬁg)#ipv6 access-list Default_Access
Gateway-Router(conﬁg-ipv6-acl)#permit tcp host 2018:0B1:A:B::2 host 2018:0B1:A:C::1 eq telnet
C. Gateway-Router(conﬁg)#ipv6 access-list Default_Access
Gateway-Router(conﬁg-ipv6-acl)#no sequence 20
Gateway-Router(conﬁg-ipv6-acl)#sequence 6 permit tcp host 2018:DB1:A:B::2 host 2018:0B1:A:C::1 eq telnet
D. Gateway-Router(conﬁg)#lpv6 access-list Default_Access
Gateway-Router(conﬁg-ipv6-acl)#sequence 15 permit tcp host 2018:DB1:A:B::2 host 2018:DB1:A:C::1 eq telnet",D,p112_img0.png,112,232.0
QUESTION 233,"QUESTION 233

Refer to the exhibit. AS111 is receiving its own routes from AS200 causing a loop in the network. Which conﬁguration provides loop prevention?","A. router bgp 111
neighbor 195.1.2.2 as-override
no neighbor 195.1.1.1 allowas-in
B. router bgp 111
neighbor 195.1.1.1 as-override
neighbor 195.1.2.2 as-override
C. router bgp 111
no neighbor 195.1.1.1 allowas-in
no neighbor 195.1.2.2 allowas-in
D. router bgp 111
neighbor 195.1.1.1 as-override
no neighbor 195.1.2.2 allowas-in",C,"p113_img1.png,p113_img0.png",112,233.0
QUESTION 234,"QUESTION 234
IPv6 is enabled in the infrastructure to support customers with an IPv6 network over WAN and to connect the head ofﬁce to branch ofﬁces in the local network. One of
the customers is already running IPv6 and wants to enable IPv6 over the DMVPN network infrastnicture between the headend and branch sites. Which conﬁguration
command must be applied to establish an mGRE IPv6 tunnel neighborship?","A. tunnel protection mode ipv6
B. ipv6 unicast-routing
C. ipv6 nhrp holdtime 30
D. tunnel mode gre multipoint ipv6",D,,113,234.0
QUESTION 235,"QUESTION 235

Refer to the exhibit. Which set of commands restore reachabiliity to loopback0?","A. interface loopback0
ip address 4.4.4.4 255.255.255.0
ip ospf interface area 10
B. interface loopback0
ip address 4.4.4.4 255.255.255.0
ip ospf network broadcast
C. interface loopback0
ip address 4.4.4.4 255.255.255.0
ip ospf interface type network
D. interface loopback0
ip address 4.4.4.4 255.255.255.0
ip ospf network point-to-point",D,p114_img0.png,114,235.0
QUESTION 236,"QUESTION 236
A network administrator performed a Compact Flash Memory upgrade on a Cisco Catalyst 6509 Switch. Everything is functioning normally except SNMP, which was
conﬁgured to monitor the bandwidth of key interfaces but the interface indexes are changed. Which global conﬁguration resolves the issue?","A. snmp iﬁndex persist
B. snmp ifindex permanent
C. snmp-server iﬁndex permanent
D. snmp-server ifindex persist",D,,114,236.0
QUESTION 237,"QUESTION 237
Which mechanism must be chosen to optimize the reconvergence time for OSPF at company location 408811049 that is less CPU-intensive than reducing the hello
and dead timers?","A. BFD
B. OSPF demand circuit
C. Dead Peer Detection keepalives
D. SSO",A,,115,237.0
QUESTION 238,"QUESTION 238

Refer to Ihe exhibit. A network administrator has developed a Python script on the local Linux machine and is trying to transfer it to the router. However, the transfer
fails. Which action resolves this issue?","A. The SSH service must be enabled with the crypto key generate rsa command.
B. The SCP service must be enabled with the ip scp server enable command.
C. The SSH access must be allowed on the VTY lines using the transport input ssh command.
D. The Python interpreter must ﬁrst be enabled with the guestshell enable command.",B,p115_img1.png,115,238.0
QUESTION 239,"QUESTION 239
Refer to the exhibit.

An engineer conﬁgured BGP between routers R1 and R3. The BGP peers cannot establish neighbor adjacency to be able to exchange routes. Which conﬁguration
resolves this issue?
router bgp 6502
address-family ipv6
neighbor AB01:2011:7:100::1 activate
router bgp 6501
address-family ipv6
neighbor AB01:2011:7:100::3 activate
router bgp 6502
neighbor AB01:2011:7:100::1 ebgp-multihop 255
router bgp 6501
neighbor AB01:2011:7:100::3 ebgp-multihop 255","A. R3
B. R1
C. R3
D. R1",A,p115_img0.png,115,239.0
QUESTION 240,"QUESTION 240
A network administrator is troubleshooting a high utilization issue on the route processor of a router that was reported by NMS. The administrator logged into the router
to check the control plane policing and observed that the BGP process is dropping a high number of routing packets and causing thousands of routes to recalculate
frequently. Which solution resolves this issue?","A. Shape the pir for BGP, conform-action set-prec-transmit, and exceed action set-frde-transmit.
B. Shape the cir for BGP, conform-action transmit, and exceed action transmit.
C. Police the pir for BGP, conform-action set-prec-transmit, and exceed action set-clp-transmiL
D. Police the cir for BGP, conform-action transmit, and exceed action transmit",D,,116,240.0
QUESTION 241,"QUESTION 241

Refer to the exhibit. Which action resolves the adjacency issue?","A. Match the hello interval timers-
B. Conﬁgure the same EIGRP process IDs.
C. Match the authentication keys.
D. Conﬁgure the same autonomous system numbers.",D,p116_img0.png,116,241.0
QUESTION 242,"QUESTION 242
Refer to the exhibit.

Which two commands provide the administrator with the information needed to resolve the issue? (Choose two.)","A. debug snmpv3 engine-id
B. debug snmp engine-id
C. show snmpv3 user
D. debug snmp packet
E. show snmp user",DE,p117_img1.png,117,242.0
QUESTION 243,"QUESTION 243
Refer to the exhibit:

Contractors' LAN 10.3.3.0/24 failed to access the server through telnet and HTTP during weekend. Which of the following can solved the problem?
no access-list 101 permit tcp 10.3.3.0 0.0.0.255 host 10.1.1.3 eq telnet time-range Contractor
time-range Contractor
  no periodic weekdays 8:00 to 16:30
periodic daily 8:00 to 16:30
no access-list 101 permit tcp 10.3.3.0 0.0.0.255 host 10.1.1.3 eq telnet time-range Contractor
D. R4
time-range Contractor
  no periodic weekdays 17:00 to 23:59
  periodic daily 8:00 to 16:30","A. R1
B. R1
C. R4",B,p117_img0.png,117,243.0
QUESTION 244,"QUESTION 244
Refer to the exhibit:

When the FastEthemet0/1 goes down, the route to 172.29.0.0/16 via 192.168.253.2 is not installed in the RIB. Which action solves the issue?","A. Conﬁgure feasible distance greater than the successors feasible distance.
B. Conﬁgure feasible distance greater than the reported distance.
C. Conﬁgure reported distance greater than the successors feasible distance
D. Conﬁgure reported distance greater than the feasible distance.",B,p118_img1.png,118,244.0
QUESTION 245,"QUESTION 245
Users report issues with reachability between areas as soon as an engineer conﬁgured summary routes between areas in a multiple area OSPF Autonomous system.
Which action resolves the issue?","A. Conﬁgure the area range command on the ABR.
B. Conﬁgure the summary-address command on the ASBR.
C. Conﬁgure the area range command on the ASBR.
D. Conﬁgure the summary-address command on the ABR.",A,,118,245.0
QUESTION 246,"QUESTION 246

Refer to the exhibit. An engineer his conﬁgured policy-based routing and applied the conﬁguration to the correct interface. How is the conﬁguration applied to the traffic
that matches the access list?","A. It is dropped.
B. It is sent to 209.165.202.131.
C. It is sent to 209.165.202.129.
D. It is fonvarded using the routing table lookup.",B,p118_img0.png,118,246.0
QUESTION 247,"QUESTION 247
Refer to the exhibit.

An engineer must establish multipoint GRE tunnels between hub router R6 and branch routers R1, R2, and R3. \Which configuration accomplishes this task on R1?","A. interface Tunnel 1
 ip address 192.168.1.1 255.255.255.0
 tunnel source e0/0
 tunnel mode gre multipolnt
 ip nhrp nhs 192.168.1.6
 ip nhrp map 192.168.1.6 192.1.10.1
 ip nhrp map 192.168.1.2 192.1.20.2
 ip nhrp map 192.168.1.3 192.1.30.3
B. interface Tunnel 1
 ip address 192.168.1.1 255.255.255.0
 tunnel source e0/0
 tunnel mode gre multipolnt
 ip nhrp network-id 1
 ip nhrp nhs 192.168.1.6
 ip nhrp map 192.168.1.6 192.1.10.1
 ip nhrp map 192.168.1.2 192.1.20.2
 ip nhrp map 192.168.1.3 192.1.30.3
C. interface Tunnel 1
 ip address 192.168.1.1 255.255.255.0
 tunnel source e0/0
 tunnel mode gre multipolnt
 ip nhrp network-id 1
 ip nhrp nhs 192.168.1.6
 ip nhrp map 192.168.1.6 192.1.10.6
D. interface Tunnel 1
 ip address 192.168.1.1 255.255.255.0
 tunnel source e0/0
 tunnel mode gre multipolnt
 ip nhrp nhs 192.168.1.6
 ip nhrp map 192.168.1.6 192.1.10.6",C,p119_img0.png,119,247.0
QUESTION 248,"QUESTION 248
Refer to the exhibit.

An engineer conﬁgured SNMP communities on the Core_Sw1 , but the SNMP server cannot obtain information from core_Sw1 . Which conﬁguration resolves this
issue?","A. access-list 20 permit 10.221.10.11
B. sump-server group NETADMIN v3 priv read NETVIEW write NETADMIN access 22
C. snmp-server group NETVIEW v2c priv read NETVIEVV access 20
D. access-list 20 permit 10.221.10.12",A,p120_img1.png,119,248.0
QUESTION 249,"QUESTION 249
Refer to the exhibit.

A network administrator is trying to access a branch router using TACACS+ usemame and password credentials, but the administrator cannot log in to the router
because the WAN connectivity is down. The branch router has following AAA conﬁguration:
aaa new-model
aaa authorization commands 15 default group tacacs+
aaa accounting commands 1 default stop-only group tacacs+
aaa accounting commands 15 default stop-only group tacacs+
tacacs-server host 10.100.50.99
tacacs-server key Cisco123
Which command will resolve this problem when WAN connectivity is down?","A. aaa authentication login default group tacacs+ console
B. aaa authentication logln console group tacacs+ enable
C. aaa authentication login default group tacacs+ local
D. aaa authentication login default group tacacs+ enable",C,p120_img0.png,120,249.0
QUESTION 250,"QUESTION 250

Refer to the exhibits.
A network is under a cyberattack. A network engineer connected to R1 by SSH and enabled the terminal monitor via SSH session to ﬁnd the source and destination of
the attacks The session was ﬂooded with messages, which made it impossible for the engineer to
troubleshoot the issue. Which command resolves this issue on R1?","A. #terminal no monitor
B. (config)#terminal no monitor
C. (config)#no terminal monitor
D. #no terminal monitor",A,p121_img1.png,120,250.0
QUESTION 251,"QUESTION 251

Refer to the exhibit. An engineer configured R2 and R5 as route reflectors and noticed that not all routes are sent to R1 to advertise to the eBGP peers. Which iBGP
routers must be configured as route reflectors to advertise all routes to restore reachability across all networks?","A. R1 and R4
B. R1 and R5
C. R4 and R5
D. R2 and R5",C,p121_img0.png,121,251.0
QUESTION 252,"QUESTION 252
Refer to the exhibit.

AS65535 iBGP is conﬁgured for directly connected neighbors. R4 cannot ping or traceroute network 192.168.100.0/24. Which action resolves this issue?","A. Conﬁgure R4 as a route reﬂector server and conﬁgure R2 and R3 as route reﬂector clients
B. Conﬁgure R4 as a route reﬂector server and conﬁgure R1 as a route reﬂector client
C. Conﬁgure R1 as a route reﬂector server and conﬁgure R4 as a route reﬂector client.
D. Conﬁgure R1 as a route reﬂector server and conﬁgure R2 and R3 as route reﬂector clients.",B,p122_img0.png,122,252.0
QUESTION 253,"QUESTION 253
What is a characteristic of Layer 3 MPLS VPNs?","A. LSP signaling requires the use of unnumbered IP links for traffic engineering.
B. Traffic engineering supports multiple IGP instances
C. Traffic engineering capabilities provide QoS and SLAs.
D. Authentication is performed by using digital certificates or preshared keys.",C,,122,253.0
QUESTION 254,"QUESTION 254
What does the MP-BGP OPEN message contain?","A. MPLS labels and the IP address of the router that receives the message
B. the version number and the AS number to which the router belongs
C. IP routing information and the AS number to which the router belongs
D. NLRI, path attributes, and IP addresses of the sending and receiving routers",B,,122,254.0
QUESTION 255,,"A. Route distinguishes make a unique VPNv4 address across the MPLS network.
B. Route distinguishers allow multiple instances of a routing table to coexist within the edge router.
C. Route distinguishes are used for label bindings
D. Route distinguishes define which prefixes are imported and exported on the edge router",A,p123_img1.png,123,255.0
QUESTION 256,"QUESTION 256
The network administrator configured R1 for Control Plane Policing so that the inbound Telnet traffic is policed to 100 kbps. This policy must not apply to traffic coming
in from 10.1.1.1/32 and 172.16.1.1/32. The administrator has configured this:

access-list 101 permit tcp host 10.1.1.1 any eq 23
access-list 101 permit tcp host 172.16.1.1 any eq 23
The network administrator is not getting the desired results. Which set of configurations resolves this issue?","A. no access-list 101
access-list 101 deny tcp host 10.1.1.1 any eq 23
access-list 101 deny tcp host 172.16.1.1 any eq 23
access-list 101 permit ip any any
B. no access-list 101
access-list 101 deny tcp host 10.1.1.1 any eq 23
access-list 101 deny tcp host 172.16.1.1 any eq 23
access-list 101 permit ip any any
!
interface E0/0
service-policy input PM-CoPP
C. control-plane
no service-policy input PM-CoPP
!
interface Ethernet 0/0
service-policy input PM-CoPP
D. control-plane
no service-policy input PM-CoPP
service-policy input PM-CoPP",A,p123_img0.png,123,256.0
QUESTION 257,"QUESTION 257
Which mechanism provides traffic segmentation within a DMVPN network?","A. RSVP
B. BGP
C. MPLS
D. IPsec",C,,124,257.0
QUESTION 258,"QUESTION 258
R1 and R2 are configured as eBGP neighbor , R1 is in AS100 and R2 is in AS200. R2 is advertising these networks to R1:

172.16.16.0/20
172.16.3.0/24
172.16.4.0/24
192.168.1.0/24
192.168.2.0/24
172.16.0.0/16
The network administrator on R1 must improve convergence by blocking all subnets of 172.16.0.0/16 major network with a mask lower than 23 from coming in, Which
set of configurations accomplishes the task on R1?","A. ip prefix-list PL-1 deny 172.16.0.0/16 le 23
ip prefix-list PL-1 permit 0.0.0.0/0 le 32
!
router bgp 100
neighbor 192.168.100.2 remote-as 200
neighbor 192.168.100.2 prefix-list PL-1 in
B. ip prefix-list PL-1 deny 172.16.0.0/16 ge 23
ip prefix-list PL-1 permit 0.0.0.0/0 le 32
!
router bgp 100
neighbor 192.168.100.2 remote-as 200
neighbor 192.168.100.2 prefix-list PL-1 in
C. access-list 1 deny 172.16.0.0 0.0.254.255
access-list 1 permit any
!
router bgp 100
neighbor 192.168.100.2 remote-as 200
neighbor 192.168.100.2 distribute-list 1 in
D. ip prefix-list PL-1 deny 172.16.0.0/16
ip prefix-list PL-1 permit 0.0.0.0/0
!
router bgp 100
neighbor 192.168.100.2 remote-as 200
neighbor 192.168.100.2 prefix-list PL-1 in",A,,124,258.0
QUESTION 259,"QUESTION 259
Refer to the exhibit. The AP status from Cisco DNA Center Assurance Dashboard shows some physical connectivity issues from access switch interface G1/0/14.
Which command generates the diagnostic data to resolve the physical connectivity issues?","A. test cable-diagnostics tdr interface GigabitEthernet1/0/14
B. Check cable-diagnostics tdr interface GigabitEthernet1/0/14
C. show cable-diagnostics tdr interface GigabitEthernet1/0/14
D. Verify cable-diagnostics tdr interface GigabitEthernet1/0/14",A,p125_img1.png,124,259.0
QUESTION 260,"QUESTION 260
Refer to the exhibit. An engineer configures the router 10.1.100.10 for EIGRP autosummarization so that R1 should receive the summary route of 10.0.0.0/8. However,
R1 receives more specific /24 routes. Which action resolves this issue?","A. Router R1 should configure ip summary address eigrp (AS number) 10.0.0.0 255.0.0.0 for the R1 Fast Ethernet 0/0 connected interface.
B. Router R1 should configure ip route 10.0.0.0 255.0.0.0 null 0 for the routes that are received on R1.
C. Router 10.1.100.10 should configure ip route 10.0.0.0 255.0.0.0 null 0 for the routes that are summarized toward R1.
D. Router 10.1.100.10 should configure ip summary address eigrp (AS number) 10.0.0.0 255.0.0.0 for the R1 Fast Ethernet 0/0 connected interface.",D,p125_img0.png,125,260.0
QUESTION 261,"QUESTION 261
Refer to the exhibit. Although summarization is configured for R1 to receive 10.0.0.0/8. more specific routes are received by R1. How should the 10.0.0.0/8 summary
route be received from the neighbor, attached to R1 via Fast Ethernet0/0 interface?","A. R1 should configure the ip summary-address eigrp <AS number> 10.0.0.0.255.0.0.0 command under the Fast Ethernet 0/0 interface.
B. The summarization condition is not met Router 10.1.100.10 requires a route for 10 0.0.0/8 that points to null 0
C. The summarization condition is not met. The network 10.1.100.0/24 should be changed to 172.16.0.0/24.
D. R1 should configure the ip summary-address eigrp <AS number> 10.0.0.0 0.0.0.255 command under the Fast Ethernet 0/0 interface.",C,p126_img0.png,126,261.0
QUESTION 262,"QUESTION 262
Refer to the exhibit. An engineer is troubleshooting a failed Telnet session from PC to the DHCP server. Which action resolves the issue?","A. Remove sequence 30 and add it back to the IPv6 traffic filter as sequence 5.
B. Remove sequence 20 and add it back to the IPv6 traffic filter as sequence 5.
C. Remove sequence 10 to add the PC source IP address and add it back as sequence 10.
D. Remove sequence 20 for sequence 40 in the access list to allow Telnet.",B,p127_img0.png,126,262.0
QUESTION 263,"QUESTION 263
Refer to the exhibit. R1 is configured with IP SLA to check the availability of the server behind R6 but it kept failing. Which configuration resolves the issue?","A. R6(config)# ip sla responder
B. R6(config)# ip sla responder udp-echo ip address 10.10.10.1 port 5000
C. R6(config)# ip access-list extended DDOS
R6(config ext-nac)# 5 permit icmp host 10.66 66.66 host 10.10.10.1
D. R6(config)# ip access-list extended DDOS
R6(confg ext-nac)# 5 permit icmp host 10.10.10.1 host 10.66.66.66",D,p128_img0.png,128,263.0
QUESTION 264,"QUESTION 264
Which OSI model is used to insert an MPLS label?","A. between Layer 5 and Layer 6
B. between Layer 1 and Layer 2
C. between Layer 3 and Layer 4
D. between Layer 2 and Layer 3",D,,128,264.0
QUESTION 265,"QUESTION 265
The network administrator configured R1 to authenticate Telnet connections based on Cisco ISE using TACACS+. ISE has been configured with an IP address of
192.168.1.5 and with a network device pointing toward R1(192.168.1.1) with a shared secret password of Cisco123.

The administrator cannot authenticate to R1 based on ISE. Which configuration fixes the issue?","A. ip tacacs-server host 192.168.1.5 key Cisco123
B. line vty 0 4
login authentication TAC-SERV
C. line vty 0 4
login authentication telnet
D. tacacs-server host 192.168.1.5 key Cisco123",C,p129_img1.png,128,265.0
QUESTION 266,"QUESTION 266
Refer to the exhibit. After a security audit, the administrator implemented an ACL in the route reflector. The RR became unreachable from any router in the network.
Which two actions resolve the issue? (Choose two.)","A. Enable the ND proxy feature on the default gateway.
B. Configure a link-local address on the Ethernet0/1 interface.
C. Permit ICMPv6 neighbor discovery traffic in the ACL.
D. Remove the ACL entry 80.
E. Change the next hop of the default route to the link-local address of the default",CD,p129_img0.png,129,266.0
QUESTION 267,"QUESTION 267
A company is expanding business by opening 35 branches over the Internet. A network engineer must configure DMVPN at the branch routers to connect with the hub
router and allow NHRP to add spoke routers securely to the multicast NHRP mappings automatically Which configuration meets this requirement at the hub router?","A. interface Tunnel0
ip address 10.0.0.1 255.255.255.0
ip nbrp authentication KEY1
ip nhrp nhs dynamic ip nhop network-id 10
tunnel mode mgre auto
B. interface Tunnel0
ip address 10.0.0.1 255.255.255.0
ip nhrp authentication KEY1
ip nhrp registration no-unique
ip nhrp network-id 10
tunnel mode gre nmba
C. interface Tunnel0
ip address 10.0.0.1 255.255.255.0
ip nhrp authentication KEY1
ip nhrp map multicast dynamic
ip nbrp network-id 10
tunnel mode gre multipoint
D. interface Tunnel0
ip address 10.0.0.1 255.255.255.0
ip nhrp authentication KEY1
ip nhrp map multicast 224.0.0.0
ip nhrp network-id 10
tunnel mode gre ipv4",C,,130,267.0
QUESTION 268,"QUESTION 268
What is a function of IPv6 Source Guard?","A. It works with address glean or ND to find existing addresses.
B. It inspects ND and DHCP packets to build an address binding table.
C. It denies traffic from known sources and allocated addresses.
D. It notifies the ND protocol to inform hosts if the traffic is denied by it.",A,,130,268.0
QUESTION 269,"QUESTION 269
Refer to the exhibit. An engineer must block access to the console ports for all corporate remote Cisco devices based on the recent corporate security policy but the
security team still can connect through the console port. Which configuration on the console port resolves the issue?","A. transport input telnet
B. login and password
C. no exec
D. exec 0.0",C,p131_img1.png,131,269.0
QUESTION 270,"QUESTION 270
Refer to the exhibit. A junior engineer configured SNMP to network devices. Malicious users have uploaded different configurations to the network devices using
SNMP and TFTP servers. Which configuration prevents changes from unauthorized NMS and TFTP servers?

snmp-server group NETADMIN v3 priv read NETVIEW write NETADMIN access 20 
snmp-server community Cisc0wrus3r RO 20 
snmp-server community Cisc0Us3r RW 20 
snmp-server tftp-server-list 20
C. access-list 20 permit 10.221.10.11
access-list 20 deny any log
D. access-list 20 permit 10.221.10.11","A. access-list 20 permit 10.221.10.11
access-list 20 deny any log
!
snmp-server group NETVIEW v3 priv read NETVIEW access 20
snmp-server group NETADMIN v3 priv read NETVIEW write NETADMIN access 20 
snmp-server community Cisc0Us3r RO 20 
snmp-server community Cisc0wrus3r RW 20 
snmp-server tftp-server-list 20
B. access-list 20 permit 10.221.10.11
access-list 20 deny any log
!
snmp-server group NETVIEW v3 priv read NETVIEW access 20",A,p131_img0.png,131,270.0
QUESTION 271,"QUESTION 271
Refer to the exhibit. An engineer has configured R1 as EIGRP stub router. After the configuration, router R3 failed to reach to R2 loopback address. Which action
advertises R2 loopback back into the R3 routing table?","A. Add a static route for R2 loopback address in R1 and redistribute it to advertise to R3.
B. Use a leak map on R1 that matches the required prefix and apply it with the distribute list command toward R3.
C. Use a leak map on R3 that matches the required prefix and apply it with the EIGRP stub feature.
D. Add a static null route for R2 loopback address in R1 and redistribute it to advertise to R3.",A,p132_img0.png,132,271.0
QUESTION 272,"QUESTION 272
Refer to the exhibit. The network administrator configured the network to connect two disjointed networks and ail the connectivity is up except the virtual link which
causes area 250 to be unreachable. Which two configurations resolve this issue? (Choose two.)

router-id 10.23.23.2
E. R2
router ospf 1
no area 234 virtual-ink 10.34.34.4
area 234 virtual-link 0.0.0.44","A. R4
router ospf 1
no area 234 virtual-link 10.23.23.2
area 234 virtual-link 0.0.0.22
B. R4
router ospf 1
no area area 234 virtual-link 10.23.23.2
area 0 virtual-link 0.0.0.22
C. R2
router ospf 1
no area area 234 virtual-link 10.34.34.4
area 0 virtual-link 0.0.0.44
D. R2
router ospf 1",AE,p134_img0.png,133,272.0
QUESTION 273,"QUESTION 273
Refer to the exhibit.

The DHCP client is unable to receive an IP address from the DHCP server. 
RouterB is configured as follows:
Which command is required on the fastethernet 0/0 interface of RouterB to resolve this issue?","A. RouterB(config-if)# ip helper-address 172.31.1.1
B. RouterB(config-if)# ip helper-address 255.255 255 255
C. RouterB(config-if)# ip helper-address 172.16.1.1
D. RouterB(config-if)# ip helper-address 172.16.1.2",D,"p135_img1.png,p135_img0.png",135,273.0
QUESTION 274,"QUESTION 274
Refer to the exhibit. The branch router is configured with a default route toward the internet and has no routes configured for the HQ site that is connected through
interface G2/0. The HQ router is fully configured and does not require changes. Which configuration on the branch router makes the intranet website (TCP port 80)
available to the branch office users?","A. access-list 100 permit tcp any host intranet-webserver-ip eq 80
!
route-map pbr permit 10
match ip address 100
set ip next-hop 192.168.2.2
!
interface G2/0
ip policy route-map pbr
B. access-list 101 permit tcp any any eq 80
access-list 102 permit tcp any host intranet-webserver-ip
!
route-map pbr permit 10
match ip address 101 102
set ip next-hop 192.168.2.2
!
interface G1/0
ip policy route-map pbr
C. access-list 101 permit tcp any any eq 80
access-list 102 permit tcp any host intranet-webserver-ip
!
route-map pbr permit 10
match ip address 101
set ip next-hop 192.168.2.2
route-map pbr permit 20
match ip address 102
set ip next-hop 192.168.2.2
!
interface G2/0
ip policy route-map pbr
D. access-list 100 permit tcp host intranet-webserver-ip eg 80 any
!
route-map pbr permit 10
match ip address 100
set ip next-hop 192.168.2.2
!
interface G1/0
ip policy route-map pbr",B,p136_img0.png,135,274.0
QUESTION 275,"QUESTION 275
Refer to the exhibit. The Internet traffic should always prefer Site-A ISP-1 if the link and BGP connection are up; otherwise, all Internet traffic should go to ISP-2
Redistribution is configured between BGP and OSPF routing protocols and it is not working as expected. What action resolves the issue?","A. Set metric-type 2 at Site-A RTR1, and set metric-type 1 at Site-B RTR2
B. Set OSPF cost 100 at Site-A RTR1, and set OSPF Cost 200 at Site-B RTR2
C. Set OSPF cost 200 at Site: A RTR1 and set OSPF Cost 100 at Site-B RTR2
D. Set metric-type 1 at Site-A RTR1, and set metric-type 2 at Site-B RTR2",D,p137_img0.png,137,275.0
QUESTION 276,"QUESTION 276
Refer to the exhibit. The administrator configured the network device for end-to-end reachability, but the ASBRs are not propagation routes to each other. Which set of
configuration resolves this issue?","A. router bgp 100
neighbor 10.1.1.1 route-reflector-client
neighbor 10.1.2.2 route-reflector-client
neighbor 10.1.3.3 route-reflector-client
B. router bgp 100
neighbor 10.1.1.1 next-hop-self
neighbor 10.1.2.2 next-hop-self
neighbor 10.1.3.3 next-hop-self
C. router bgp 100
neighbor 10.1.1.1 update-source Loopback0
neighbor 10.1.2.2 update-source Loopback0
neighbor 10.1 3.3 update-source Loopback0
D. router bgp 100
neighbor 10.1.1.1 ebgp-multihop
neighbor 1021.2.2 ebgp-multihop
neighbor 10.1.3.3 ebgp-multihop",A,p138_img0.png,137,276.0
QUESTION 277,"QUESTION 277
Refer to the exhibit. R1 is configured with uRPF, and ping to R1 is failing from a source present in the R1 routing table via
the GigatxtEthernet 0/0 interface. Which action resolves the issue?","A. Remove the access list from the interface GigabrtEthernet 0/0
B. Modify the uRPF mode from strict to loose
C. Enable Cisco Express Forwarding to ensure that uRPF is functioning correctly
D. Add a floating static route to the source on R1 to the GigabitEthernet 0/1",B,p139_img1.png,138,277.0
QUESTION 278,"QUESTION 278
The network administrator configured CoPP so that all HTTP and HTTPS traffic from the administrator device located at 172.16 1.99 toward the router CPU is limited
to 500 kbps. Any traffic that exceeds this limit must be dropped.

CoPP failed to capture the desired traffic and the CPU load is getting higher.
Which two configurations resolve the issue? (Choose two.)","A. interface E0/0
no service-policy input PM-COPP
!
control-plane
service-policy input PM-COPP
B. policy-map PM-COPP
class CM-ADMIN
no police 500000 conform-action transmit
police 500 conform-action transmit
!
control-plane
service-policy input PM-COPP
C. no access-list 100
access-list 100 permit tcp host 172.16.1.99 any eq 80
D. no access-list 100
access-list 100 permit tcp host 172.16.1.99 any eq 80
access-list 100 permit tcp host 172.16.1.99 any eq 443
E. policy-map PM-COPP
class CM-ADMIN
no police 500000 conform-action transmit
police 500 conform-action transmit",AD,p139_img0.png,139,278.0
QUESTION 279,"QUESTION 279
An engineer creates a Cisco DNA Center cluster with three nodes, but all the services are running on one host node. Which action resolves this issue?","A. Restore the link on the switch interface that is connected to a cluster link on the Cisco DNA Center
B. Click the master host node with all the services and select services to be moved to other hosts
C. Enable service distribution from the Systems 360 page.
D. Click system updates, and upgrade to the latest version of Cisco DNA Center.",C,,140,279.0
QUESTION 280,"QUESTION 280
Refer to the exhibit. A network administrator is troubleshooting IPv6 address assignment for a DHCP client that is not getting an IPv6 address from the server. Which
configuration retrieves the client IPv6 address from the DHCP server?","A. ipv6 address autoconfig command on the interface
B.  ipv6 dhcp server automatic command on DHCP server
C. ipv6 dhcp relay-agent command on the interface
D. service dhcp command on DHCP server",A,"p141_img1.png,p141_img0.png",140,280.0
QUESTION 281,"QUESTION 281
Refer to the exhibit. While monitoring VTY access to a router, an engineer notices that the router does not have any filter and anyone can access the router with
username and password even though an ACL is configured. Which command resolves this issue?","A. access-class INTERNET in
B. ip access-group INTERNET in
C. ipv6 traffic-filter INTERNET in
D. ipv6 access-class INTERNET in",D,p142_img1.png,142,281.0
QUESTION 282,"QUESTION 282
Refer to the exhibit. Which command must be configured to make VRF CCNP work?

vrf forwarding CCNP
ip address 10.1.1.1 255.255.255.0
C. interface Loopback0
ip address 10.1.1.1 255.255.255.0
vrf forwarding CCNP
D. interface Loopback0
ip address 10.1.1.1 255.255.255.0
ip vrf forwarding CCNP","A. interface Loopback0
B. interface Loopback0",B,p142_img0.png,142,282.0
QUESTION 283,"QUESTION 283
Refer to the exhibit. An engineer configured NetFlow on R1, but the NMS server cannot see the flow from ethernet 0/0 of R1. Which configuration resolves the issue?","A. flow monitor Flowmonitor1
source Ethernet0/0
B. interface Ethernet0/1
ip flow monitor Flowmonitor1 input
ip flow monitor Flowmonitor1 output
C. interface Ethernet0/0
ip flow monitor Flowmonitor1 input
ip flow monitor Flowmonitor1 output
D. flow exporter FlowAnalyzer1
source Ethernet0/0",C,p143_img0.png,143,283.0
QUESTION 284,"QUESTION 284
Refer to the exhibit. A network administrator sets up an OSPF routing protocol for a DMVPN network on the hub router. Which configuration required to establish a
DMVPN tunnel with multiple spokes?","A. ip ospf network point-to-multipoint on both spoke routers
B. ip ospf network point-to-point on the hub router
C. ip ospf network point-to-multipoint on One spoke router
D. ip ospf network point-to-point on both spoke routers",A,p144_img0.png,143,284.0
QUESTION 285,"QUESTION 285
Refer to the exhibit. An engineer is troubleshooting a TACACS problem. Which action resolves the issue?","A. Configure a matching TACACS server IP.
B. Configure a matching preshared key.
C. Generate authentication from a relative source interface.
D. Apply a configured AAA profile to the VTY.",B,p145_img0.png,144,285.0
QUESTION 286,"QUESTION 286
Refer to the exhibit. An engineer configured IP SLA on R1 to avoid the ISP link flapping problem. but it is not working as designed IP SLA should wait 30 seconds
before switching traffic to a secondary connection and then revert to the primary link after waiting 20 seconds, when the primary link is available and stabilized. Which
configuration resolves the issue?","A. R1(config)#ip sla 700
R1(config-ip-sla)#delay down 30 up 20
B. R1(config)#ip sla 700
R1(config-ip-sla)#delay down 20 up 30
C. R1(config)#track 700 ip sla 700
R1(config-track)#delay down 30 up 20
D. R1(config)#track 700 ip sla 700
R1(config-track)#delay down 20 up 30",C,p146_img0.png,145,286.0
QUESTION 287,"QUESTION 287
Refer to the exhibit. An engineer configures DMVPN and receives the hub location prefix of 10.1.1.0724 on R2 and R3 The R3 prefix of 10 1.3.0/24 is not received on
R2. and the R2 prefix 10.1,2.0/24 is not received on R3. Which action reserves the issue?","A. Split horizon prevents the routes from being advertised between spoke routers it should be disabled with the command no ip split-horizon eigrp 10 on the tunnel
interface of R1
B. There is no spoke-to-spoke connection DMVPN configuration should be modified to enable a tunnel connection between R2 and R3 and neighbor relationship
confirmed by use of the show ip eigrp neighbor command
C. Split horizon prevents the routes from being advertised between spoke routers it should be disabled with the no ip split-horizon eigrp 10 command on the Gi0/0
interface of R1.
D. There is no spoke-to-spoke connection DMVPN configuration should be modified with a manual neighbor relationship configured between R2 and R3 and
confirmed bb use of the show ip eigrp neighbor command.",A,p147_img0.png,146,287.0
QUESTION 288,"QUESTION 288
Refer to the exhibit. R5 should not receive any routes originated in the EIGRP domain. Which set of configuration changes removes the EIGRP routes from the R5
routing table to fix the issue?

R4
route-map O2R deny 10
match tag 111
!
router rip
redistribute ospf 1 route-map O2R metric 1
C. R4
route-map O2R permit 10
match tag 111
route-map O2R deny 20
!
router rip
redistribute ospf 1 route-map O2R metric 1
D. R4
route-map O2R deny 10
match tag 111
!
router rip
redistribute ospf 1 route-map O2R metric 1","A. R4
route-map O2R deny 10
match tag 111
route-map O2R permit 20
!
router rip
redistribute ospf 1 route-map O2R metric 1
B. R2
route-map E20 deny 20",A,p148_img0.png,147,288.0
QUESTION 289,"QUESTION 289
Refer to the exhibit. An engineer configured NetFlow on R1, but the NMS server cannot see the flow from R1. Which configuration resolves the issue?","A. flow monitor Flowmonitor1
destination 10.221.10.11
B. flow exporter FlowAnalyzer1
destination 10.221.10.11
C. interface Ethernet0/1
flow-destination 10.221.10.11
D. interface Ethernet0/0
flow-destination 10.221.10.11",B,p149_img0.png,148,289.0
QUESTION 290,"QUESTION 290
If HTTP packet from 10.1.1.0/24 to a destination in 10.100.100.0/24 must be directed to a next-hop of 10.2.2.2, two hops away from the router. Which conﬁguration
meets the requirements?","A. access-list 100 permit tcp 10.1.1.0 0.0.0.255 host 10.100.100.100 eq http
!
route-map POLICY deny 10
  match ip address 100
  set ip next-hop recursive 10.2.2.2
route-map POLICY permit 20
B. access-list 100 permit tcp 10.1.1.0 0.0.0.255 host 10.100.100.100 eq http
!
route-map POLICY permit 10
  match ip address 100
  set ip next-hop 10.2.2.2
route-map POLICY permit 20
C. access-list 100 permit tcp 10.1.1.0 0.0.0.255 host 10.100.100.100 eq http
!
route-map POLICY permit 10
  match ip address 100
  set ip next-hop 10.2.2.2
D. access-list 100 permit tcp 10.1.1.0 0.0.0.255 host 10.100.100.100 eq http
!
route-map POLICY permit 10
  match ip address 100
  set ip next-hop recursive 10.2.2.2",D,,149,290.0
QUESTION 291,"QUESTION 291
For the following ACL

ip access-list extended COPP
permit ospf any host 224.0.0.5 log
permit ospf any host 224.0.0.6 log-input
Problem occurs when it is applied as CoPP. What action resolves the issue?","A. Apply the ACL on the OSPF physical interface in outward direction
B. Apply the ACL on the OSPF physical interface in inward direction
C. Add one more ACL line to permit 224.0.0.6 in teh inward dirction
D. Remove the log and log-input keywords from ACL",D,,149,291.0
QUESTION 292,"QUESTION 292
For the following ACL and Route Map for EIGRP route inbound filtering

ip access-list standard EIGRP
  deny 10.10.10.0 0.0.0.0
  permit 0.0.0.0 0.0.0.0
route-map EIGRP-MAP permit 10
  match ip address EIGRP
A route 10.10.10.128/25 is found in the routing table. What action resolves the issue?","A. The ACL entry should be modified to deny 10.10.10.0 0.0.0.255
B. The ACL entry should be modified to deny 10.10.10.0 255.255.255.0
C. A deny 20 with no match condition should be added to Route Map
D. A deny 20 with a new ACL that deny all should be added to Route Map",A,,150,292.0
QUESTION 293,"QUESTION 293
For a EIGRP router with the following settings

ip route 2.2.2.2 255.255.255.255 10.10.10.1
!
router eigrp 100
  network 1.1.1.1 0.0.0.0
  network 10.10.10.0 0.0.0.255
  eigrp stub static
  eigrp stub connected
The router is not advertising the route 2.2.2.2/32 learnt from another router. Which action resolves the issue?","A. Redistribute the connected metric in EIGRP
B. Redistribute the static metric in EIGRP
C. Add the eigrp stub connected static command
D. Remove the eigrp stub connected command",B,,150,293.0
QUESTION 294,"QUESTION 294
Refer to the exhibit. A network administrator successfully logs in to a switch using SSH from a RADIUS server When the network administrator uses a console port to
access the switch the RADIUS server returns shell:privlvl=15” and the switch asks to enter the enable command \ the command is entered, it gets rejected. Which
command set is used to troubleshoot and reserve this issue?","A. line con 0
aaa authorization console
authorization exec
!
line vty 0 4
transport input ssh
B. line con 0
aaa authorization console
!
line vty 0 4
authorization exec
C. line con 0
aaa authorization console priv15
!
line vty 0 4
authorization exec
D. line con 0
aaa authorization console
authorization priv15
!
line vty 0 4
transport input ssh",A,p151_img0.png,150,294.0
QUESTION 295,"QUESTION 295
Refer to the exhibit.

A prefix list is created to filter routes inbound to an EIGRP process except for network 10 prefixes After the prefix list is applied no network 10 prefixes are visible in the
routing table from EIGRP. Which configuration resolves the issue?","A. ip prefix-list EIGRP seq 20 permit 10.0.0.0/8 ge 9
B. ip prefix-list EIGRP seq 10 permit 0.0.0.0/0 le 32
C. ip prefix-list EIGRP seq 5 permit 10.0.0.0/8 ge 9 
no ip prefix-list EIGRP seq 20 permit 10.0.0.0/8
D. ip prefix-list EIGRP seq 20 permit 10.0.0.0/8 ge 9 
ip prefix-list EIGRP seq 10 permit 0.0.0.0/0 le 32",C,p152_img1.png,151,295.0
QUESTION 296,"QUESTION 296
How does an MPLS Layer 3 VPN differentiate the IP address space used between each VPN?","A. by RD
B. by address family
C. by MP-BGP
D. by RT",A,,152,296.0
QUESTION 297,"QUESTION 297
An engineer is implementing a coordinated change with a server team. As part of the change, the engineer must configure interlace GigabitEthernet2 in an existing
VRF “RED” then move the interface to an existing VRF “BLUE” when the server team is ready. The engineer configured interface GigabitEthemet2 in VRF “RED”

Which configuration completes the change?","A. nterface GigabitEthernet2
no ip address
vrf forwarding BLUE
B. interface GigabitEthernet2
no vrf forwarding RED
vrf forwarding BLUE
ip address 10.0.0.0 255.255.255.254
C. interface GigabitEthernet2
no vrf forwarding RED
vrf forwarding BLUE
D. interface GigabitEthernet2
no ip address
ip address 10.0.0.0 255.255.255.254
vrf forwarding BLUE",B,p152_img0.png,152,297.0
QUESTION 298,"QUESTION 298
Refer to the exhibit. The ISP router is fully configured for customer A and customer B using the VRF-Lite feature. What is the minimum configuration required for
customer A to communicate between routers A1 and A2?

interface fa0/0
description To->ISP
ip vrf forwarding A
ip add 172.31.100.1 255.255.255.0
no shut
!
router ospf 100
net 172.31.100.1 0.0.0.255 area 0
A2:
interface fa0/0
description To->ISP
ip vrf forwarding A
ip add 172.31.200.1 255.255.255.0
no shut
!
router ospf 100
net 172.31.200.1 0.0.0.255 area 0
B. A1:
interface fa0/0
description To->ISP
ip add 172.31.200.1 255.255.255.0
no shut
!
router ospf 100
net 172.31.200.1 0.0.0.255 area 0
A2:
interface fa0/0
description To->ISP
ip add 172.31.100.1 255.255.255.0
no shut
!
router ospf 100
net 172.31.100.1 0.0.0.255 area 0
C. A1:
interface fa0/0
description To->ISP
ip vrf forwarding A
ip add 172.31.100.1 255.255.255.0
no shut
!
router ospf 100 vrf A
net 172.31.200.1 0.0.0.255 area 0
A2:
interface fa0/0
description To->ISP
ip vrf forwarding A
ip add 172.31.200.1 255.255.255.0
no shut
!
router ospf 100 vrf A
net 172.31.100.1 0.0.0.255 area 0
D. A1:
interface fa0/0
description To->ISP
ip add 172.31.100.1 255.255.255.0
no shut
!
router ospf 100
net 172.31.100.1 0.0.0.255 area 0
A2:
interface fa0/0
description To->ISP
ip add 172.31.200.1 255.255.255.0
no shut
!
router ospf 100
net 172.31.200.1 0.0.0.255 area 0",A. A1:,D,p153_img0.png,153,298.0
QUESTION 299,"QUESTION 299
What are the two prerequisites to enable BFD on Cisco routers? (Choose two)","A. A supported IP routing protocol must be configured on the participating routers.
B. OSPF Demand Circuit must run BFD on all participating routers.
C. ICMP must be allowed on all participating routers.
D. UDP port 1985 must be allowed on all participating routers.
E. Cisco Express Forwarding and IP Routing must be enabled on all participating routers.",AE,,154,299.0
QUESTION 300,"QUESTION 300
Refer to the exhibit.

An OSPF neighbor relationship between R2 and R3 is showing stuck in EXCHANGE/EXSTART state. The neighbor is established between R1 and R2. The network
engineer can ping from R2 to R3 and vice versa, but the neighbor is still down. Which action resolves the issue?","A. Restore the Layer 2/Layer 3 conectivity issue in the ISP network.
B. Match MTU on both router interfaces or ignore MTU.
C. Administrative “shut then no shut” both router interfaces.
D. Enable OSPF on the interface, which is required.",B,p154_img1.png,154,300.0
QUESTION 301,"QUESTION 301
Refer to the exhibit

R1 and R2 have been conﬁgured with the following settings for forming neighbor relationship with M05:
R1
router bgp 100
neighbor 172.16.1.2 remote-as 200
neighbor 172.16.1.1 password cisco123
R2
router bgp 200
neighbor 172.16.1.1 remote-as 100
neighbor 172.16.1.1 password cisco
The neighbor relationship is not coming up. Which configuration resolves the issue?
R2
router bgp 200
  neighbor 172.16.1.1 password MD5 cisco
R2
router bgp 200
  neighbor 172.16.1.1 password MD5 cisco123","A. R1
router bgp 100
  neighbor 172.16.1.2 password cisco
B. R1
router bgp 100
  neighbor 172.16.1.2 password MD5 cisco
C. R2
router bgp 200
  neighbor 172.16.1.1 password cisco123
D. R1
router bgp 100
  neighbor 172.16.1.2 password MD5 cisco123",A,p154_img0.png,154,301.0
QUESTION 302,"QUESTION 302
Refer to the exhibit.

**** missing diagram *****
The diagram shows R1 is having router ID 10.255.255.1.
It also includes a message similar to the following at the bottom
%OSPF-4-FLOOD_WAR: ..... type-5 adv-rtr 10.255.255.1 ....
**************
After conﬁguring OSPF in R1, some externa! destinations in the network became unreachable. Which action resolves the issue?","A. Change the R1 router ID from 10.255.255.1 to a unique value and clear the process.
B. Increase the SPF delay interval on R1 to synchronize routes.
C. Disconnect the router with the OSPF router ID 0.0.0.0 from the network.
D. Clear the OSPF process on R1 to ﬂush stale LSAs sent by other routers.",A,,155,302.0
QUESTION 303,"QUESTION 303
Which two soiutions are used to overcome a ﬂapping link that causes a frequent label binding exchange between MPLS routers? (Choose two)","A. create targeted hellos to protect the session
B. increase a hold-timer to protect the session
C. increase input queue on links to protect the session
D. create link dampenirg on links to protect the session
E. increase a session delay to protect the session.",AB,,155,303.0
QUESTION 304,"QUESTION 304
Refer to the exibit.

**** 
missing
A command ""aaa authentication login default local"" is entered
****
A network engineer must conﬁgure a login authentication method at line console 0 on Cisco ISR router. During conﬁguration the engineer got a call and router console
timed out. When the call was completed, the engineer pressed ""enter"" on the console. The engineer was asked for a username to log in to the router even through no
username and password were configured previously on the router. What action resolves the issue?","A. Telnet to the router to login in
B. Power cycle to reload the router and reconfigure it
C. Configure the user and password in the RADIUS server
D. Use CTRL+C to bypass authentication in the router.",B,,156,304.0
QUESTION 305,"QUESTION 305
An engineer creates a default static route on a router with a next hop of 10.1.1.1. On inspection, the engineer ﬁnds the router has two VRFs, Red and Blue. The next
hop is valid for both VRFs and exists in each assigned VRF. Which conﬁguration achieves connectivity?","A. ip route vrf Red 0.0.0.0 255.255.255.255 10.1.1.1
ip route vrf Blue 0.0.0.0 255.255.255.255 10.1.1.1
B. ip route 0.0.0.0 0.0.0.0 10.1.1.1
C. ip route vrf Red 0.0.0.0 0.0.0.0 10.1.1.1
ip route vrf Blue 0.0.0.0 0.0.0.0 10.1.1.1
D. ip route vrf Blue 0.0.0.0 255.255.255.255 10.1.1.1
ip route vrf Red 0.0.0.0 255.255.255.255 10.1.1.1",C,,156,305.0
QUESTION 306,"QUESTION 306
What are two characteristics of IPv6 Source Guard? (Choose two)","A. requires the user to conﬁgure a static binding
B. recovers missing binding table entries
C. used in service provider deployments to protect DDoS attacks
D. requires that validate preﬁx be enabled
E. requires IPv6 snooping on Layer 2 access or trunk ports",CE,,156,306.0
QUESTION 307,"QUESTION 307
An engineer is creating a policy that overrides normal routing behavior. If the route to a destination of 10.100.100.0/24 is withdrawn from the routing table, the policy
must direct trafﬁc to a next-hop of 10.1.1.1. If the route is present in the routing table, then normal forwarding must occur. Which conﬁguration meets the
requirements?

set ip next-hop recursive 10.1.1.1
B. access-list 100 permit ip any 10.100.100.0 0.0.0.255
!
route-map POLICY permit 10
  match ip address 100
  set ip next-hop recursive 10.1.1.1
!
route-map POLICY permit 20
C. access-list 100 permit ip any 10.100.100.0 0.0.0.255
!
route-map POLICY permit 10
  match ip address 100
  set ip next-hop 10.1.1.1
!
route-map POLICY permit 20
D. access-list 100 permit ip any 10.100.100.0 0.0.0.255
!
route-map POLICY permit 10
  match ip address 100
  set ip default next-hop 10.1.1.1","A. access-list 100 permit ip any any
!
route-map POLICY permit 10
  match ip address 100",D,,156,307.0
QUESTION 308,"QUESTION 308
Refer to the exhibit.

*** missing diagram ***
A digrram showing R1 with 3 paths to 5.5.5.0/24
EIGRP is used as the routing protocol.
Only two EIGRP route for 5.5.5.5.0/24 is entered into the routing table.
*******
An engineer investigates a routing issue on R1 and ﬁnds that trafﬁc destined to 5.5.5.0/24 does not take all of the paths. Which action resolves the issue?","A. Decrease the variance value in EIGRP.
B. Stop advertising 192.168.13.0/24 in EIGRP.
C. Remove the adjacency of R3 from EIGRP.
D. Increase the variance value in EIGRP.",D,,157,308.0
QUESTION 309,"QUESTION 309
Refer to the exhibit.

A network administrator has developed a Python script on the local Linux machine and is trying to transfer it to the router. However, the transfer fails. Which action
resolves this issue?","A. The SSH service must be enabled with the crypto key generate rsa command.
B. The SCP service must be enabled with the ip scp server enable command.
C. The Python interpreter must first be enabled with the guestshell enable command.
D. The SSH access must be allowed on the VTY lines using the transport input ssh command.",B,p157_img0.png,157,309.0
QUESTION 310,"QUESTION 310

Refer to the exhibit.
A junior engineer updated a branch router configuration. Immediately after the change, the engineer receives calls from the help desk that branch personnel cannot
reach any network destinations. Which configuration restores service and continues to block 10.1.1.100/32?","A. route-map FILTER-IN deny 5
B. ip prefix-list 102 seq 15 permit 0.0.0.0/32 le 32
C. ip prefix-list 102 seq 5 permit 0.0.0.0/32 le 32
D. route-map FILTER-IN permit 20",D,p158_img1.png,157,310.0
QUESTION 311,"QUESTION 311
Refer to the exhibit.

An engineer cannot copy the IOS.bin
Which action resolves the issue?","A. Allow file permissions to download the file from the FTP server.
B. Add the IOS.bin file, which does not exist on FTP server.
C. Make memory space on the switch flash or USB drive to download the file.
D. Use the copy flash:/ ftp://cisco@10.0.0.2/IOS.bin command.",A,p158_img0.png,158,311.0
QUESTION 312,"QUESTION 312
What is an advantage of implementing BFD?","A. BFD provides faster updates for any flapping route.
B. BFD provides millisecond failure detection
C. BFD is deployed without the need to run any routing protocol
D. BFD provides better capabilities to maintain the routing table",B,,159,312.0
QUESTION 313,"QUESTION 313
What is the purpose of the DHCPv6 Guard?","A. It filters messages between a DHCPv6 server and a DHCPv6 client (or relay agent).
B. It shows that clients of a DHCPv5 server are affected.
C. It block DHCPv6 messages from relay agents to a DHCPv6 server.
D. It allows DHCPv6 reply and advertisements from (rouge) DHCPv6 servers.",A,,159,313.0
QUESTION 314,"QUESTION 314
Which function does LDP provide in an MPLS topology?","A. It enables a MPLS topology to connect multiple VPNs to P routers.
B. It provides hop-by-hop forwarding in an MPLS topology for LSRs.
C. It exchanges routes for MPLS VPNs across different VRFs.
D. It provides a means for LSRs to exchange IP routes.",B,,159,314.0
QUESTION 315,"QUESTION 315
Refer to the exhibit.

The administrator noticed that the connection was flapping between the two ISPs instead of switching to ISP2 when the ISP1 failed. Which action resolves the issue?","A. Include a valid source-interface keyword in the icmp-echo statement.
B. Reference the track object 1 on the default route through ISP2 instead of ISP1.
C. Modify the static routes to refer both to the next hop and the outgoing intertace.
D. Modify the threshold to match the administrative distance of the ISP2 route.",A,p160_img1.png,159,315.0
QUESTION 316,"QUESTION 316
Refer to the exhibit.

An engineer must establish a point-to-point GRE VPN between R1 and the remote site. Which configuration accomplishes the task for the remote site?","A. Interface Tunnel1
tunnel source 199.1.1.1
tunnel destination 200.1.1.3
ip address 192.168.1.3 255.255.255.0
B. Interface Tunnel1
tunnel source 200.1.1.3
tunnel destination 199.1.1.1
ip address 192.168.1.1.255.255.255.0
C. Interface Tunnel1
tunnel source 200.1.1.3
tunnel destination 199.1.1.1
ip address 192.168.1.3.255.255.255.0
D. Interface Tunnel
lunnel source 199.1.1.1
tunnel destination 200.1.1.3
ip address 192.168.1.1.255.255.255.0",C,p160_img0.png,160,316.0
QUESTION 317,"QUESTION 317
How is a VPN forwarding table used in an MPLS netwock?","A. learns VPN labels through LDP or RSVP
B. learns PE route next hops through eBGP
C. learns customer routes through MP-BGP from the connected CE
D. stores VPN routes with associated labels",D,,161,317.0
QUESTION 318,Select and Place:,,A,"p161_img1.png,p161_img0.png,p162_img1.png",161,318.0
QUESTION 319,"QUESTION 319
Refer to Exhibit. PC2 is directly connected to R1. A user at PC2 cannot Telnet to 2001:db8:a:b::10. The user can ping 2001:db8:a:b::10 and receive DHCP-related
information from the DHCP server. Which action resolves the issue?","A. Remove sequence 10 and put it back as sequence 25.
B. Remove sequence 20 and put it back as sequence 45.
C. Remove sequence 30 and put it back as sequence 5.
D. Remove sequence 40 and put it back as sequence 15.",A,p162_img0.png,162,319.0
QUESTION 320,"QUESTION 320
Refer to the exhibit. The remote server is failing to receive the NetFlow data Which action resolves the issue?","A. Modify the flow transport command transport udp 2055 to move under flow monitor profile.
B. Modify the interlace command to Ip flow monitor FLOW-MONITOR-1 Input.
C. Modify the udp port under flow exporter profile to Ip transport udp 4739.
D. Modify the flow record command record v4_r1 to move under flow exporter profile.",B,p163_img0.png,162,320.0
QUESTION 321,"QUESTION 321
What is a function of an end device configured with DHCPv6 guard?","A. If it is configured as a server, only prefix assignments are permitted.
B. If it is configured as a relay agent, only prefix assignments are permitted.
C. If it is configured as a client, messages are switched regardless of the assigned role.
D. If it is configured as a client, only DHCP requests are permitted.",D,,163,321.0
QUESTION 322,"QUESTION 322
The network administrator configured the router for Control Plane Policing to limit OSPF traffic to be policed to 1 Mbps. Any traffic that exceeds this limit must also be
allowed at this point for traffic analysis. The router configuration is:

access-list 100 permit ospf any any
!
class-map CM-OSPF
match access-group 100
!
policy-map PM-COPP
class CM-OSPF
police 1000000 conform-action transmit
!
control-plane
service-policy output PM-COPP
The Control Plane Policing failed to monitor and police OSPF traffic. Which configuration resolves this issue?","A. policy-map PM-COPP
class CM-OSPF
no police 1000000 conform-action transmit
police 1000000 conform-action transmit exceed-action transmit
!
control-plane
no service-policy output PM-COPP
B. policy-map PM-COPP
class CM-OSPF
no police 1000000 conform-action transmit
police 1000000 conform-action transmit exceed-action transmit
C. control-plane
no service-policy output PM-COPP
service-policy input PM-COPP
D. no access-list 100
access-list 100 deny ospf any any
access-list 100 permit ip any any
!
policy-map PM-COPP
class CM-OSPF
no police 1000000 conform-action transmit
police 1000000 conform-action transmit exceed-action drop
!
control-plane
no service-policy output PM-COPP
service-policy input PM-COPP",B,,163,322.0
QUESTION 323,"QUESTION 323
Refer to the exhibit. An engineer must configure a LAN-to-LAN IPsec VPN between R1 and the remote router. Assume that the remote router is using SHA, Which
IPsec Phase 1 configuration must the engineer use for the local router?","A. crypto isakmp policy 5
authentication pre-share
encryption 3des
hash sha
group 2
!
crypto isakmp key cisco123 address 200.1.1.3
B. crypto isakmp policy 5
authentication pre-share
encryption 3des
hash md5
group 2
!
crypto isakmp key cisco123 address 200.1.1.3
C. crypto isakmp policy 5
authentication pre-share
encryption 3des
hash md5
group 2
!
crypto isakmp key cisco123 address 199.1.1.1
D. crypto isakmp policy 5
authentication pre-share
encryption 3des
hash md5
group 2
!
crypto isakmp key cisco123! address 199.1.1.1",A,p164_img0.png,164,323.0
QUESTION 324,"QUESTION 324
A CoPP policy is applied for receiving SSH traffic from the WAN interface on a Cisco ISR4321 router. However, the SSH response from the router is abnormal and
stuck during the high link utilization. The problem is identified as SSH traffic does not match in the ACL. Which action resolves the issue?","A. Rate-limit SSH traffic to ensure dedicated bandwidth.
B. Apply CoPP on the control plane interface.
C. Increase the IP precedence value of SSH traffic to 6.
D. Apply CoPP on the WAN interface inbound direction.",B,,165,324.0
QUESTION 325,"QUESTION 325
How are MPLS Layer 3 VPN services deployed?","A. The RD and RT values must match under the VRF
B. The RD and RT values under a VRF must match on the remote PE router
C. The import and export RT values under a VRF must always be the same.
D. The label switch path must be available between the local and remote PE routers.",D,,165,325.0
QUESTION 326,"QUESTION 326
Which feature minimizes DoS attacks on an IPv6 network?","A. IPv6 Binding Security Table
B. IPv6 Router Advertisement Guard
C. IPv6 Prefix Guard
D. IPv6 Destination Guard",D,,165,326.0
QUESTION 327,"QUESTION 327
Refer to the exhibit. An administrator is configuring a GRE tunnel to establish an EIGRP neighbor to a remote router. The other tunnel endpoint is already configured.
After applying the configuration as shown, the tunnel started flapping. Which action resolves the issue?","A. Modify the network command to use the Tunnel0 interface netmask
B. Advertise the Loopback0 interface from R2 across the tunnel
C. Stop sending a route matching the tunnel destination across the tunnel
D. Readdress the IP network on the Tunnel0 on both routers using the /31 netmask",C,p166_img1.png,165,327.0
QUESTION 328,"QUESTION 328
Refer to the exhibit Mutual redistribution is enabled between RIP and EIGRP on R2 and R5. Which conﬁguration resolves the routing loop for the 192.1631 .024
network?

R5:
router eigrp 10
network 181.16.0.0
redistribute rip metric 1 1 1 1 1
distribute-list 1 in s0
!
router rip
network 178.1.0.0
redistribute eigrp 10 metric 2
!
access-Iist 1 deny 192.168.1.0
access-list 1 permit any
B. R2:
router eigrp 7
network 181.16.0.0
redistribute rip metric 1 1 1 1 1
distribute-list 1 in s1
!
router rip
network 178.1.0.0
redistribute eigrp 10 metric 2
!
access-Iist 1 deny 192.168.1.0
access-list 1 permit any
R5:
router eigrp 7
network 181.16.0.0
redistribute rip metric 1 1 1 1 1
distribute-list 1 in s1
!
router rip
network 178.1.0.0
redistribute eigrp 10 metric 2
!
access-Iist 1 deny 192.168.1.0
access-list 1 permit any
C. R2:
router eigrp 10
network 181.16.0.0
redistribute rip metric 1 1 1 1 1
distribute-list 1 in s0
!
router rip
network 178.1.0.0
redistribute eigrp 10 metric 2
!
access-Iist 1 deny 192.168.1.0
access-list 1 permit any
R5:
router eigrp 10
network 181.16.0.0
redistribute rip metric 1 1 1 1 1
distribute-list 1 in s1
!
router rip
network 178.1.0.0
redistribute eigrp 10 metric 2
!
access-Iist 1 deny 192.168.1.0
access-list 1 permit any
D. R2:
router eigrp 10
network 181.16.0.0
redistribute rip metric 1 1 1 1 1
distribute-list 1 in s0
!
router rip
network 178.1.0.0
redistribute eigrp 10 metric 2
!
access-Iist 1 deny 192.168.1.0
access-list 1 permit any
R5:
router eigrp 10
network 181.16.0.0
redistribute rip metric 1 1 1 1 1
distribute-list 1 in s0
!
router rip
network 178.1.0.0
redistribute eigrp 10 metric 2
!
access-Iist 1 deny 192.168.1.0
access-list 1 permit any","A. R2:
router eigrp 10
network 181.16.0.0
redistribute rip metric 1 1 1 1 1
distribute-list 1 in s1
!
router rip
network 178.1.0.0
redistribute eigrp 10 metric 2
!
access-Iist 1 deny 192.168.1.0
access-list 1 permit any",B,p166_img0.png,166,328.0
QUESTION 329,"QUESTION 329
access-list 1 permit 219.65.100.15
access-list 2 permit 219.65.100.16
l
interface ethernet 1
ip policy route-map Texas
I
route-map Texas permit 10
match ip address 1
set ip precedence priority
set ip next-hop 219.65.100.17
!
route-map Texas permit 20
match ip address 2
set ip next-hop 219.65.100.18

Refer to the exhibit. Packets arriving from source 219.65.100.15 must be sent with the precedence bit set to 1, and packets arriving from source 219.65.100.16 must
be sent with the precedence but set to 5. Which action resolves the issue?","A. set ip precedence critical in route-map Texas permit 20
B. set ip precedence immediate in route-map Texas pennit 10
C. set ip precedence critical in route-map Texas permit 10
D. set ip precedence priority in route-map Texas permit 20",A,,168,329.0
QUESTION 330,"QUESTION 330
C 192.168.10.0/24 is directly connected, Seriallle
   172.16.0.0/16 is variably subnetted, 5 subnets, 2 masks
C    172.16.160.0/19 is directly connected, Loopback1
C    172.16-128.0/19 is directly connected, Loopback2
C    172.16.224.0/19 is directly connected, Loopback3
C    172.16.192.0/19 is directly connected, Loopback4
D    172.16.0.0/16 is a summary, 00:01:23, Null0

Refer to the above routnig entries in R2. An engineer must conﬁgure EIGRP between R1 and R2 with no summary route. Which conﬁguration resolves the issue?","A. R1(conﬁg)#router eigrp 1
R1(conﬁg-router)#no auto-summary
B. R2(conﬁg)#router eigrp 1
R2(conﬁg-router)#no auto-summary
C. R1(conﬁg)#router eigrp 1
R1(conﬁg-router)#auto-summary
D. R2(conﬁg)#router eigrp 1
R2(conﬁg-router)#auto-summary",B,,168,330.0
QUESTION 331,"QUESTION 331

Refer to the exhibit. R1 and R2 are conﬁgured for EIGRP peering using authentication and the neighbors failed to come up. Which action resolves the issue?","A. Conﬁgure a matching authentication type on both routers.
B. Conﬁgure a matching key-chain name on both routers.
C. Conﬁgure a matching key-id number on both routers.
D. Conﬁgure a matching lowest key-id on both routers.",D,"p169_img1.png,p169_img0.png",168,331.0
QUESTION 332,"QUESTION 332
Which method provides failure detection in BFD?","A. short duration, low overhead
B. long duration. low overhead
C. long duration, high overhead
D. short duration, high overhead",A,,169,332.0
QUESTION 333,"QUESTION 333

Refer to the exhibit. TCP trafﬁc should be reaching host 10.10.10.10/24 via R2 (left of the diagram). Which action resolves the issue?","A. TCP trafﬁc will reach the destination via R2 without any changes.
B. Set IP next.hop to 10.10.12.2 under the route-map permit 10 to allow TCP trafﬁc.
C. Allow TCP in the access list with no changes to the route map.
D. Add a permit 20 statement in the route map to allow TCP trafﬁc.",C,p170_img1.png,169,333.0
QUESTION 334,"QUESTION 334

Refer to the exhibit A loop occurs between R1, R2. and R3 while EIGRP is run with poison reverse enabled. Which action prevents the loop between R1 , R2, and R3?","A. Conﬁgure route ﬁltering
B. Conﬁgure route tagging
C. Conﬁgure R3 as stub receive-only.
D. Enable split horizon",A,p170_img0.png,170,334.0
QUESTION 335,"QUESTION 335
A network administrator added a new spoke site with dynamic IP on the DMVPN network Which conﬁguration command passes trafﬁc on the DMVPN tunnel from the
spoke router?","A. ip nhrp registration no-unique
B. ip nhrp registration no-registration
C. ip nhrp registration ignore
D. ip nhrp registration dynamic",A,,170,335.0
QUESTION 336,"QUESTION 336

Refer to the exhibit R4 is experiencing packet drop when trying to reach 172.16.2.7 behind R2. Which action resolves the issue?","A. Enable auto summarization on all three routers R1 , R2. and R3.
B. Insert a /16 ﬂoating static route on R2 toward R3 with metric 254.
C. Disable auto summarization on R2
D. Insert a /24 ﬂoating static route on R2 toward R3 with metric 254.",D,p171_img1.png,171,336.0
QUESTION 337,"QUESTION 337

Refer to the exhibit Reachability between servers in a network deployed with DHCPv6 is unstable. Which command must be removed from the conﬁguration to make
DHCPv6 function?","A. ipv6 address 2001:0:1:4::1/64
B. ipv6 dhcp server DHCPPOOL
C. ipv6 nd ra suppress
D. address prefix 2001:0:1:4::1/64 lifetime inﬁnite inﬁnite",C,p171_img0.png,171,337.0
QUESTION 338,"QUESTION 338
An engineer failed to run diagnostic commands on devices using Cisco DNA Center. Which action in Cisco DNA Center resolve the issue?","A. Enable APls
B. Enable Secure Shell
C. Enable CDP.
D. Enable Command Runner.",D,,171,338.0
QUESTION 339,"QUESTION 339

Refer to the exhibit. An engineer is trying to add an encrypted user password that should not be visible in the router conﬁguration. Which two
conﬁguration commands resolve the issue? (Choose two.)","A. username Admin password 5 Cisco@123
B. username Admin password Cisco@123
C. password encryption aes
D. username Admin secret Cisco@123
E. no service password-encryption
F. service password-encryption",DF,p172_img1.png,172,339.0
QUESTION 340,"QUESTION 340

Refer to the exhibit. R6 should reach R1 via R5>R2>R1 . Which action resolves the issue?","A. Decrease the cost to 2 between R6-R5-R2
B. Increase the cost to 61 between R2-R3-R1.
C. Increase the cost to 61 between R2 and R3
D. Decrease the cost to 41 between R2 and R1.",C,p172_img0.png,172,340.0
QUESTION 341,"QUESTION 341

Refer to the exhibit. A network engineer applied a ﬁlter for LSA trafﬁc on OSPFv3 interarea routes on the area 5 ABR to protect advertising the internal routes of area 5
to the business partner network. All other areas should receive the area 5 internal routes, After the respective route ﬁltering conﬁguration is applied on the ABR. area 5
routes are not visible on any of the areas. How must the ﬁlter list be applied on the ABR to resolve this issue?","A. in the ""out"" direction for area 20 on router R2
B. in the ”out"" direction for area 5 on router R1
C. in the ”in” direction for area 20 on router R2
D. in the ”in"" direction for area 5 on router R1",C,"p173_img1.png,p173_img0.png",172,341.0
QUESTION 342,"QUESTION 342
ip sla 10
  icmp-echo 10.1.1.10
  timeout 2000
  threshold 2000
  frequency 40
ip sla schedule 10 life forever start-time now
!
track 1 ip sla 10 reachability

Refer to the exhibit. An engineer conﬁgured lP SLA to monitor a next hop on a router for reachability. When the next hop is unreachable, the router is executing
tracking and failing over another route, but packet loss is experienced because the reachability is ﬂapping. Which action resolves the
issue?","A. Increase the frequency of the sla probe to 60.
B. Increase the timeout of the sla probe to 6000.
C. Append delay up 0 down 0 to the track command.
D. Append delay up 60 down 60 to the track command.",D,,173,342.0
QUESTION 343,"QUESTION 343

Refer to the exhibit. The R2 loopback interface is advertised with RIP and EIGRP using default values. Which conﬁguration changes make R1 reach the R2 loopback
using RIP?","A. R1(conﬁg)#router rigrp 1
R1(conﬁg-router)#distance eigrp 120 120
B. R1(conﬁg)#router rip
R1(conﬁg-router)#distance 100
C. R1(conﬁg)#router oigrp 1
R1(conﬁg-router)#distance eigrp 130 120
D. R1(conﬁg)#router rip
R1(conﬁg-route)#distrance 90",C,p174_img1.png,173,343.0
QUESTION 344,"QUESTION 344

Refer to the exhibit. An engineer must advertise routes into IPv6 MP-BGP and failed. Which conﬁguration resolves the issue on R1?","A. router bgp 64900
 no bgp default ipv4-unicast
address-family ipv6 unicast
 redistribute ospf
  network 2001:DB9::/64
B. router bgp 65000
 no bgp default ipv4-unicast
address-family ipv6 multicast
  network 2001:DB8::/64
C. router bgp 65000
 no bgp default ipv4-unicast
address-family ipv6 unicast
  network 2001:DB8::/64
D. router bgp 64900
 no bgp default ipv4-unicast
address-family ipv6 multicast
  neighbor 2001:DB8:7000::2 translate-update ipv6 multicast",C,p174_img0.png,174,344.0
QUESTION 345,"QUESTION 345

Refer to the exhibit. A network administrator must conﬁgure DMVPN tunnels between the hub and spoke with dynamic spoke-to-spoke tunnel capabilities using
EIGRP. Which tunnel interface command must the network administrator conﬁgure to establish an EIGRP peer?","A. no ip next-hop-self eigrp 1
B. no ip nhrp next-hop-solf
C. ip nhrp next-hop-self
D. ip next-hop-self eigrp 1",A,p175_img0.png,174,345.0
QUESTION 346,"QUESTION 346
access-list 120 permit tcp any gt 1024 eq bgp log
access-list 120 permit tcp any eq bgp gt 1024 established
access-list 120 permit tcp any gt 1024 eq 639
access-list 120 permit tcp any eq 639 gt 1024 established
access-list 120 permit tcp any eq 646
access-list 120 permit udp any eq 646
access-list 120 permit ospf any
access-list 120 permit ospf any host 224.0.0.5
access-list 120 permit ospf any host 224.0.0.6
access-list 120 permit eigrp any
access-list 120 permit eigrp any host 224.0.0.10
access-list 120 permit udp any any eq pim-auto-rp

Refer to the exhibit. The control plane is heavily impacted after the above CoPP conﬁguration is applied to the router. Which command removal lessens the impact on
the control plane?","A. access-list 120 permit udp any any eq pim-auto-rp
B. access-list 120 permit tcp any gt 1024 eq bgp log
C. access-list 120 permit ospf any
D. access-list 120 permit eigrp any host 224.0.0.10",D,,175,346.0
QUESTION 347,"QUESTION 347
Which two components are required for MPLS Layer 3 VPN conﬁguration? (Choose two.)","A. Use a unique RD per customer VRF
B. Use OSPF between PE and CE
C. Use MP-BGP for customer routes
D. Use pseudowire for Layer 2 routes
E. Use LDP for customer routes",AC,,175,347.0
QUESTION 348,"QUESTION 348
A customer reports that traffic is not passing on an EIGRP enabled multipoint interface on a router conﬁgured as below:

interface Serial0/0/0
  no ip address
interface Serial0/0/0.9 multipoint
  ip address 10.1.1.1 255.255.255.248
  ip split-horizon eigrp 1
Which action resolves the issue?","A. Disable poison reverse.
B. Enable split horizon
C. Enable poison reverse
D. Disable split horizon",D,,176,348.0
QUESTION 349,"QUESTION 349

Refer to the exhibit A network administrator notices these console messages from host 10.11.110.12 originatinated from interface E1/0. The administrator considers
this an unauthorized attempt to access SNMP on R1 . Which action prevents the attempts to reach R1 E1/0?","A. Conﬁgure IOS control plane protection using ACL 90 on interface E1/0
B. Add a permit statement including the host 10.11.110.12 into ACL 90
C. Conﬁgure IOS management plane protection using ACL 90 on interface E1/0.
D. Create an inbound ACL on interface E1/0 to deny SNMP from host 10.11.110.12",D,p176_img1.png,176,349.0
QUESTION 350,"QUESTION 350

Refer to the exhibit. During ISP router maintenance, the network produced many alerts because of the ﬂapping interface. Which conﬁguration on R1 resolves the
issue?","A. sump trap ip verify drop-rate
B. ip verify drop-rate notify hold-down 60
C. no snmp trap link-status
D. snmp trap link-status down",C,p176_img0.png,176,350.0
QUESTION 351,"QUESTION 351

Refer to the exhibit. The administrator is trying to overwrite an existing ﬁle on the TFTP server that was previously uploaded by another router. However, the attempt to
update the ﬁle fails. Which action resolves this issue?","A. Make the package.conf ﬁle executable by all on the TFTP server.
B. Make sure to run the TFTP service on the TFTP server.
C. Make the TFTP folder writable by all on the TFTP server.
D. Make the package.conf ﬁle writable by all on the TFTP server.",D,p177_img2.png,176,351.0
QUESTION 352,"QUESTION 352
A newiy installed spoke router is conﬁgured for DMVPN with the ip mtu 1400 command. Which conﬁguration allows the spoke to use fragmentation with the maximum
negotiated TCP MTU over GRE?","A. ip tcp payload-mtu 1360
crypto ipsec fragmentation after-encryption
B. ip tcp adjust-mtu 1360
crypto ipsec fragmentation mtu-discovery
C. ip tcp payload-mtu 1360
crypto ipsec fragmentation mtu-discovery
D. ip tcp adjust-mtu 1360
crypto ipsec fragmentation after-encryption",D,,177,352.0
QUESTION 353,"QUESTION 353

Refer to the exhibit. Which conﬁguration allows Router‘l to reach 2005:DEAD:BEEF:DB2::/64?
route-map Router1V6 permit 10
 set ipv6 next-hop 2006:DEAD:BEEF:DB1::1
 exit
!
router bgp 65001
 address-farmily ipv6
 network 2005:DEAD:BEEF:DB1::/64
 neighbor 10.12.12.2 activate
 neighbor 10.12.12.2 route-map Router1V6 out
exit-address-family
route-map Router2V6 permit 10
 set ipv6 next-hop 2006:DEAD:BEEF:DB8::2
 exit
!
router bgp 65002
 address-farmily ipv6
 network 2005:DEAD:BEEF:DB2::/64
 neighbor 10.12.12.2 activate
 neighbor 10.12.12.2 route-map Router2V6 out
exit-address-family
route-map Router2V6 permit 10
 set ipv6 next-hop 2006:DEAD:BEEF:DB8::2
 exit
!
router bgp 65002
 address-farmily ipv6
 network 2005:DEAD:BEEF:DB2::/64
 neighbor 10.12.12.2 activate
 neighbor 10.12.12.2 route-map Router out
exit-address-family
route-map Router1V6 permit 10
 set ipv6 next-hop 2006:DEAD:BEEF:DB8::2
 exit
!
router bgp 65001
 address-farmily ipv6
 network 2005:DEAD:BEEF:DB1::/64
 neighbor 10.12.12.2 activate
 neighbor 10.12.12.2 route-map Router1V6 out
exit-address-family","A. Router1
B. Router2
C. Router2
D. Router1",B,"p177_img1.png,p177_img0.png,p178_img0.png",177,353.0
QUESTION 354,"QUESTION 354
What are the two goals of micro BFD sessions? (Choose two)","A. Each member link of a link aggregation group must run BFD
B. Any member link on a link aggregation group must run BFD
C. The high bandwidth member link of a link aggregration group must run BFD
D. Continuity for each rnember link of a link aggregation group must be veriﬁed
E. Run the BFD session with 3x3 ms hello timer.",AD,,178,354.0
QUESTION 355,"QUESTION 355
What action is performed for untagged outgoing labels in an MPLS router?","A. Convert the incoming MPLS packet to an untagged packet and then do a FIB lookup.
B. Convert the untagged packet to a labeled packet and forward it to the next router.
C. Convert the incoming MPLS packet to an IP packet and forward it to the next router.
D. Convert the incoming MPLS packet to an untagged packet and then do a RIB lookup.",C,,179,355.0
QUESTION 356,"QUESTION 356
What is a characteristic of an MPLS LSP tunnel?","A. bidirectional tunnel
B. unidirectional tunnel
C. hop-by-hop tunnel
D. secured bidirectional tunnel",C,,179,356.0
QUESTION 357,"QUESTION 357

Refer to the exhibit. Routers R1. R2, R3, and R4 use EIGRP. However, trafﬁc always prefers R1 to R5 backup links in nonfailure scenarios. Which conﬁguration
resolves the issue?","A. R1(conﬁg)#int gigabitEthernet 0/0/0
R1(conﬁg-if)#bandvvidth 10000000
B. R1(conﬁg)#no ip route 10.40.10.0 255.255.255.252 10.10.20.2
R1(conﬁg)#ip route 10.40.10.0 255.255.255.252 10.10.20.2 115
C. R1(conﬁg)#no ip route 10.40.10.0 255.255.255.252 10.10.20.2
R1(conﬁg)#ip route 0.0.0.0 0.0.0.0 10.10.10.2
D. R1(conﬁg)#int gigabitEthernet 0/0/0
R1(conﬁg-if)#bandvvidth 10000",B,p179_img0.png,179,357.0
QUESTION 358,"QUESTION 358

Refer to the exhibit. An engineer cannot determine the time of the problem on R1 due to a mismatch between the router local clock and logs. Which oornmand
synchromzes the time between new log entries and the local dock on R1?","A. service timestamps log dateﬂme msec show-timezone
B. service timestamps debug dateﬂme localtime msec
C. service timestamps debug dateﬂme msec show-timezone
D. service timestamps log dateﬂme localtime msec",B,p180_img1.png,180,358.0
QUESTION 359,"QUESTION 359

Refer to the exhibit. Which action installs routes into the routing table of R1 and R3?","A. BGP Synchronization has been enabled. Disable synchronization.
B. BGP weight is set to 0. Conﬁgure a higher weight for these routes.
C. IGP does not have a route to R4. Rectify route reachability.
D. BGP has not been redistributed into the IGP. Redistribute BGP.",C,p180_img0.png,180,359.0
QUESTION 360,"QUESTION 360

Refer to the exhibit. Router R2 should be learning the route for 10.123.187.0/24 via EIGRP. Which action resolves the issue without introducing more issues?","A. Use distribute-list to ﬁlter the external routes in OSPF.
B. Redistribute the route in EIGRP with metric, delay, and reliability.
C. Remove route redistribution in R2 for this route in OSPF.
D. Use distribute-list to modifv the route as an internal EIGRP route.",A,"p181_img1.png,p181_img0.png",180,360.0
QUESTION 361,"QUESTION 361
While examining log messages from a router. an administrator sees this error message:
%DUAL-5-NBRCHANGE: IP-EIGRP(0) 1: Neighbor 10.4.1.5 (Ethernet1/0) is down:  K-value mismatch

Both routes are using default values. Which action resolves this issue?","A. Conﬁgure metric weights between the peers to calculate the valid K-value.
B. Resolve metric differences between the peers to calculate the valid K-value.
C. Upgrade the peer device IOS to support the goodbye message that establishes adjacency
D. Match authentication parameters to support the goodbye message that establishes adjacency.",C,,181,361.0
QUESTION 362,"QUESTION 362
Which IPv6 security feature blocks all trafﬁc from an IPv6 host when initially connecting to a switch port except for trafﬁc to gain an IPv6 address and source IPv6
neighbors?","A. IPv6 RA Guard
B. IPv6 Source Guard
C. IPv6 Destination Guard
D. IPv6 DHCP Guard",B,,181,362.0
QUESTION 363,"QUESTION 363
ip prefix-list DMZ-STATIC seq 5 permit 10.1.1.0/24
!
route-map DMZ permit 10
 match ip address prefix-list DMZ-STATIC
!
router ospf 1
 network 0.0.0.0 0.0.0.0 area 0
 redistribute static route-map DMZ
!
ip route 10.1.1.0 255.255.255.0 10.20.20.1

Refer to the exhibit. The static route is not present in the routing table of an adjacent OSPF neighbor router. Which action resolove the issue?","A. Configure the subnets keyword in the redistribution command.
B. Configure a permit 20 statement to the route map to redistribute the static route.
C. Configure the next-hop interface at the end of the static route for it to get redistributed.
D. Configure the next hop of 10.20.20.1 in the prefix list DMZ-STATIC",A,,182,363.0
QUESTION 364,"QUESTION 364
R1#
router ospf 1
 redistribute rip subnets
 network 131.108.1.0 0.0.0.255 area 2
 network 131.108.2.0 0.0.0.255 area 2
 distribute-list 1 out
!
access-list 1 permit 132.108.4.0 0.0.0.255

Refer to the exhibit. The R1 OSPF neighbor is not receiving type 5 external LSAs for 132.108.2.0/24 and 132.108.3.0/24 networks. Which conﬁguration command
resolves the issue?","A. access-list 1 permit 132.108.0.0 0.0.3.255
B. access-list 1 permit 132.108.0.0 0.0.1.255
C. access-list 1 permit 132.108.4.0 0.0.3.255
D. access-list 1 permit 132.108.2.0 0.0.0.255",A,,182,364.0
QUESTION 365,"QUESTION 365
Which two funcﬁons are the functions of LDP? (Choose two.)","A. uses TCP for targeted LDP session
B. uses P2P VPWS services
C. uses pseudowire signaling
D. uses MP2MP VPLS services
E. used for MPLS-TE Fast Reroute",AC,,182,365.0
QUESTION 366,"QUESTION 366
A customer requested a GRE tunnel through the provider network between two customer sites using loopback to hide internal networks. Which configuration on R2

establishes the tunnel with R1?","A. R2(config)#interface Tunnel1
R2(config-if)#ip address 172.20.1.2 255.255.255.0
R2(config-if)#ip mtu 1500
R2(config-if}#ip tcp adjust-mss 1360
R2(config-if)#tunnel source 192.168.20.1
R2(config-if)#tunnel destination 10.10.1.1
B. R2(config)#interface Tunnel1
R2(config-if)#ip address 172.20.1.2 255.255.255.0
R2(config-if)#ip mtu 1400
R2(config-if)#ip tcp adjust-mss 1360
R2(config-if)#tunnel source 192.168.20.1
R2(config-if)#tunnel destination 192.168.10.1
C. R2(config)#interface Tunnel1
R2(config-if)#ip address 172.20.1.2 255.255.255.0
R2(config-if)#ip mtu 1400
R2(config-if)#ip tcp adjust-mss 1360
R2(config-if)#tunnel source 10.10.2.2
R2(config-if)#tunnel destination 10.10.1.1
D. R2(config)#interface Tunnel1
R2(config-if)#ip address 172.20.1.2 255.255.255.0
R2(config-if)#ip mtu 1500
R2(config-if)#ip tcp adjust-mss 1360
R2(config-if)#tunnel source 10.10.2.2
R2(config-if)#tunnel destination 10.10.1.1",B,,182,366.0
QUESTION 367,"QUESTION 367
ln a DMVPN network, the Spoke1 user observed that the voice trafﬁc is coming to Spoke2 users via the hub router. Which command is required on both spoke routers
to communicate directly to one another?","A. ip nhrp shortcut
B. ip nhrp redirect
C. ip nhrp nhs multiast
D. ip nhrp map dynamic",A,,183,367.0
QUESTION 368,"QUESTION 368

Refer to the exhibit. An engineer conﬁgured NetFlow on R1, but the flow do not reach the NMS server from R1. Which conﬁguration resolves this issue?
R1(config-flow-exporter)#destinaion 10.66.66.66","A. R1(config)#interface Ethernet0/1
R1(config-if)#ip flow monitor FlowMonitor1 input
R1(config-if)#ip flow monitor FlowMonitor1 output
B. R1(config)#interface Ethernet0/0
R1(config-if)#ip flow monitor FlowMonitor1 input
R1(config-if)#ip flow monitor FlowMonitor1 output
C. R1(config)#flow monitor FlowMonitor1
R1(config-flow-monitor)#destinaion 10.66.66.66
D. R1(config)#flow monitor FlowExporter1",D,p183_img0.png,183,368.0
QUESTION 369,"QUESTION 369
What is an MPLS LDP targeted session?","A. LDP session established by exchanging multicast hello packets
B. label distribution session between non-directly connected neighbors
C. session between neighbors that are connected no more than one hop away
D. LDP session established between LSRs by exchanging TCP hello packets",B,,184,369.0
QUESTION 370,"QUESTION 370
What is the purpose of an OSPF sham-link?","A. to correct OSPF backdoor routing when OSPF is used as the PE-PE connection protocol in an MPLS VPN network
B. to correct OSPF backdoor routing when OSPF is used as the PE-CE connection protocol in an MPLS VPN network
C. to allow inter-area routing when OSPF is used as the PE-CE connection protocol in a MPLS VPN network
D. to allow intra-area routing when OSPF is used as the PE-CE connection protocol in an MPLS VPN network",B,,184,370.0
QUESTION 371,"QUESTION 371
The network administrator conﬁgured CoPP so that all routing protocol trafﬁc toward the router CPU is limited to 1 mbps. All trafﬁc that exceeds this limit must be
dropped. The router is running BGP and OSPF. Management traffic for Telnet and SSH must be limited to 500 kbps.

access-list 100 permit tcp any any eq 179
access-list 100 pennit tcp any any range 22 23
access-list 100 permit ospf any any
!
class-mnap CM-ROUTING
 match access-group 100
class-map CM-MGMT
 match access-group 100
!
policy-map PM-COPP
 class CM-ROUTING
  police 1000000 conform-action transmit
 class CM-MGMT
  police 500000 conform-action transmit
!
control-plane
 service-policy output PM-COPP
No trafﬁc is filtering through CoPP, which is resulting in high CPU utilization. Which conﬁguration resolves the issue?","A. no access-list 100
access-list 100 permit tcp any any eq 179
access-list 100 permit ospf any any
access-list 101 permit tcp any any range 22 23
!
class-map CM-MGMT
 no match access-group 100
 match access-group 101
B. control-plane
 no service-policy output PM-COPP
 service-policy input PM-COPP
C. no access-list 100
access-list 100 permit tcp any any eq 179
access-list 100 permit ospf any any
access-list 101 permit tcp any any range 22 23
!
class-map CM-MGMT
 no match access-group 100
 match access-group 101
!
control-plane
 no service-policy output PM-COPP
 service-policy input PM-COPP
D. no access-list 100
access-list 100 permit tcp any any eq 179
access-list 100 permit ospf any any
access-list 100 permit tcp any any range 22 23
access-list 100 permit ospf any any",C,,184,371.0
QUESTION 372,"QUESTION 372

Refer to the exhibit. A network administrator is troubleshooting OSPF adjacency issue by going through the console logs in the router, but due to an overwhelming log
messages stream, it is impossible to capture the problem. Which two commands reduce console log messages to relevant OSPF neighbor problem details so that the
issue can be resolved? (Choose two.)","A. debug condition ip
B. debug condition all
C. debug condition ospf neighbor
D. debug condition interface
E. debug condition session-id ADJCHG",AD,p185_img0.png,185,372.0
QUESTION 373,"QUESTION 373
An engineer noticed that the router log rnessages do not have any information about when the event occurred.  Which action should the engineer take when enabling
service time stamps to improve the logging functionality at a granular level?","A. Conﬁgure the debug uptime option.
B. Conﬁgure the msec option.
C. Conﬁgure the timezone option
D. Conﬁgure the log uptime option.",B,,185,373.0
QUESTION 374,"QUESTION 374
interface GigabitEthernet2
 no ip address
 ip helper-address 192.168.255.3
 no shutdown
!
interface GigabitEthernet2.10
 encapsulation dotlQ 210
 ip address 192.168.210.1 255-255.255.0
 ip ospf 1 area 0
 no shutdown

Refer to the exhibit. With the partial configuration of a router-on-a-stick, clients in VLAN 10 on Gi2 cannot obtain IP configuration from the central DHCP server. The
DHCP server is reachable by a successful ping from the router. Which action resolves the issue?","A. Conﬁgure a valid IP address on the Gi2 interface so that DHCP requests can be forwarded.
B. Conﬁgure the ip dhcp pool 1 and network 192.168.210.0 255.255.255.0 commands.
C. Conﬁgure the ip helper-address 192.168.255.3 command on the Gi2.10 subinterface.
D. Conﬁgure the ip dhcp excluded-address 192.168.255.3 command on the Gi2.10 subinterface.",C,,185,374.0
QUESTION 375,"QUESTION 375
An engineer conﬁgured routing between multiple OSPF domains and introduced a routing loop that caused network instability. Which action resolves the problem?","A. Set a tag using the redistribtute command toward a domain and deny inbound in the other domain by a matching tag
B. Set a tag using the redistribtute command toward a different domain and deny the matching tag when exiting from that domain
C. Set a tag using the network command in a domain and use the route-map command to deny the matching tag when existing toward a different domain.
D. Set a tag using the network command in a domain and use the route-map command to deny the matching tag when entering into a different domain.",A,p186_img0.png,186,375.0
QUESTION 376,"QUESTION 376
router ospfv3 1
router-id 10.1.1.1
address-family ipv4 unicast
passive-interface Loopback0
exit-address-family
address-family ipv6 unicast
passive-interface Loopback0
exit-address-family
interface Loopback0
ip address 10.1.1.1 255.255.255.255
ipv6 address 2001:DB8::1/64
ospfv3 10 ipv4 area 10
ospfv3 10 ipv6 area 0
interface GigabitEthernet2
ip address 10.10.10.1 255.255.255.0
ipv6 enable
ospfv3 10 ipv4 area 10
ospfv3 10 ipv6 area 0

Refer to the exhibit. An administrator must conﬁgure the router with OSPF for IPv4 and IPv6 networks under a single process. The OSPF adjacencies are not
established and did not meet the requirement. Which action resolves the issue?","A. Replace OSPFprocess 10 on the interfaces with OSPF process 1 for the IPv4 address, and remove process 10 from the global conﬁguration.
B. Replace OSPFprocess 10 on the interfaces with OSPF process 1, and remove process 10 from the global conﬁguration.
C. Replace OSPFprocess 10 on the interfaces with OSPF process 1 for the IPv6 address, and remove process 10 from the global conﬁguration.
D. Replace OSPFprocess 10 on the interfaces with OSPF process 1, and configure an additional router ID with IPv6 address.",B,,186,376.0
QUESTION 377,"QUESTION 377
Which failure detection mechanisrn is used for BFD?","A. consistent rate
B. Layer 2 protocol failure
C. variable rate
D. routing protocol failute",A,,187,377.0
QUESTION 378,"QUESTION 378
The IPv6 network is under attack by an unknown source that is neither in the binding table nor learned through neighbor discovery. Which feature helps prevent the
attack?","A. IPv6 Preﬁx Guard
B. IPv6 Snooping
C. IPv6 Router Advertisement Guard
D. IPv6 Destination Guard",A,,187,378.0
QUESTION 379,"QUESTION 379

Refer to the exhibit. The network administrator conﬁgured BGP as the backup route for 10.0.0.0/8 and it should work only when EIGRP 10.0.0.0/8 failed to install for
the site. Which conﬁguration resolves the issue?","A. configure terminal
!
 ip route 10.0.0.0 255.0.0.0 192.168.90.2
B. configure terminal
!
router eigrp 1
 distance eigrp 10 170
C. configure terminal
!
router eigrp 1
 distance eigrp 90 170
D. configure terminal
!
router eigrp 1
 redistribute bgp metric 10000 1 255 1 1500",B,p188_img0.png,187,379.0
QUESTION 380,"QUESTION 380
Switch(config)# ip vrf 70
Switch(config-vrf)# rd 70:1
Switch(config-vrf)# route-target export 70:1
Switch(config-vrf)# route-target import 70:1
Switch(config-vrf)# exit

Switch(config)# ip vrf 8O
Switch(config-vrf)# rd 80:1
Switch(config-vrf)# route—target export 80:1
Switch(config-vrf)# route-target import 80:1
Refer to the exhibit. An engineer must extend VRF-Lite over a trunk to another switch for VLAN 70 (10.70.70.0/24) on port GigabitEthernet0/0 and VLAN 80
(10.80.80.0/24) on port GigabitEthemet0/1. Which conﬁguration accomplishes this objective?
switchport mode access
switchport access vlan 80
D. interface GigabitEthernet0/0
 switchport trunk encapsulation dot1q
 switchport mode trunk
 switchport trunk allowed vlan 70
!
interface GigabitEthernet0/1
 switchport trunk encapsulation dot1q
 switchport mode trunk
 switchport trunk allowed vlan 80","A. interface GigabitEthernet0/0
 no switchport
 ip vrf forwarding 70
 ip address 10.70.70.1 255.255.255.0
!
interface GigabitEthernet0/1
 no switchport
 ip vrf forwarding 80
 ip address 10.80.80.1 255.255.255.0
B. interface GigabitEthernet0/0
 switchport mode access
 switchport access vlan 70
 ip vrf forwarding 70
!
interface GigabitEthernet0/1
 switchport mode access
 switchport access vlan 80
 ip vrf forwarding 70
C. interface GigabitEthernet0/0
 switchport mode access
 switchport access vlan 70
!
interface GigabitEthernet0/1",D,,188,380.0
QUESTION 381,"QUESTION 381
The network administrator must conﬁgure R1 to authenticate Telnet connections based on Cisco ISE using RADIUS. ISE has been conﬁgured with an IP address of
192.168.1.5 and with a network device pointing toward R1 (192.168.1.1) with a shared secret password of Cisco123.

The administrator has conﬁgured this on R1:
aaa new-model
!
radius server ISE1
 address ipv4 192.168.1.5
 key Cisco123
!
aaa group server tacas+ RAD-SERV
 server name ISE1
!
aaa authentication login default group RAD-SERV
The network administrator cannot authenticate to access R1 based on ISE. Which set of conﬁgurations ﬁxes the issue?","A. aaa group server radius RAD-SERV
 server name ISE1
B. aaa group server tacacs+ ISE1
 server name RAD-SERV
C. line vty 0 4
 login authentication RAD-SERV
D. line vty 0 4
 login authentication default",A,,189,381.0
QUESTION 382,"QUESTION 382
Network operations report issues with receiving too many external routes, which caused CPU spike on routers with smaller rnemories. Which action resolves the
issue?","A. Conﬁgure the area range command when redistributing on ASBR
B. Conﬁgure the summary-address command when redistributing on ABR
C. Conﬁgure the area range command when redistributing on ABR
D. Conﬁgure the summary-address command when redistributing on ASBR",D,,189,382.0
QUESTION 383,"QUESTION 383

Refer to the exhibit. An engineer must conﬁgure a LAN-to-LAN lPsec VPN between R1 and the remote router. Which lPsec Phase 1 conﬁguration must the engineer
use for the local router?
encryption 3des
 hash md5
 group 2
!
crypto isakmp key cisco123 address 199.1.1.1
B. crypto isakmp policy 5
 authentication pre-share
 encryption 3des
 hash md5
 group 2
!
crypto isakmp key cisco123 address 200.1.1.3","A. crypto isakmp policy 5
 authentication pre-share
C. crypto isakmp policy 5
 authentication pre-share
 encryption 3des
 hash md5
 group 2
!
crypto isakrnp key cisco123! address 199.1.1.1
D. crypto isakmp policy 5
 authentication pre-share
 encryption 3des
 hash sha
 group 2
!
crypto isakmp key cisco123 address 200.1.1.3",D,p189_img0.png,189,383.0
QUESTION 384,"QUESTION 384

Refer to the exhibit. A network engineer received a call from the vendor for a failed attempt to remotety log in to their managed router loopback interface from 192
163.40.15. Which action must the network engineer take to resolve teh issue?","A. The source IP summarization must be updated to include the vendor source IP address.
B. The IP access list VENDOR must be applied to interface Ioopback 100.
C. The tirne-range conﬁguration must be changed to use absolute instead of periodic
D. The EIGRP conﬁguration must be updated to include a network statement for loopback 100.",A,p191_img1.png,191,384.0
QUESTION 385,"QUESTION 385

Refer to the exhibit. An engineer is trying to connect to R1 via Telnet with no success. Which conﬁgutation resolves the issue?","A. tacacs server prod
 address ipv4 10.221.10.11
 exit
B. ip route 10.221.10.10 255.255.255.255 ethernet 0/1
C. ip route 10.221.0.11 255.255.255.255 ethernet 0/1
D. tacacs server prod
 address ipv4 10.221.10.10
 exit",A,p191_img0.png,191,385.0
QUESTION 386,"QUESTION 386
Drag and drop the ICMPv6 neighbor discovery rnessages from the Ieft onto the correct packet types on the right.

Select and Place:",,A,"p192_img2.png,p192_img1.png",191,386.0
QUESTION 387,"QUESTION 387

Refer to the exhibit. An engineer conﬁgured SNMP Communities on UserSW2 switch, but the SNMP server cannot upload modiﬁed conﬁgurations to the switch.
Which conﬁguration resolves this issue?","A. snmp-server community Ciscowruser RW 11
B. snmp-server group NETVIEW v2c priv read NETVIEW access 11
C. snmp-server community Cisc0Us3r RW 11
D. snmp-server group NETADMIN v3 priv read NETVIEW write NETADMIN access 22",A,p192_img0.png,192,387.0
QUESTION 388,"QUESTION 388
How is a preshared key ”Test"" for all the remote VPN routers conﬁgured in a DMVPN using GRE over IPsec set up?","A. authentication pre-share Test address 0.0.0.0 0.0.0.0
B. set pre-share Test address 0.0.0.0 0.0.0.0
C. crypto ipsec key Test address 0.0.0.0 0.0.0.0
D. crypto isakmp key Test address 0.0.0.0 0.0.0.0",D,,192,388.0
QUESTION 389,"QUESTION 389

Refer to the exhibit. A shoe retail company implemented the uRPF solution for an antispoofing attck. A network engineer received the call that the branch A server is
under an IP spoofing attack. Which configuration must be implemented to resolve the attack?
interface ethernet0/1
 ip unicast RPF check reachable-via any allow-default allow-self-ping
interface ethernet0/1
 ip verify unicast source reachable-via any allow-default allow-self-ping
interface ethernet0/1
 ip unicast RPF check reachable-via any allow-default allow-self-ping
interface ethernet0/1
 ip verify unicast source reachable-via any allow-default allow-self-ping","A. R4
B. R4
C. R3
D. R3",D,p193_img1.png,193,389.0
QUESTION 390,"QUESTION 390

Refer to the exhibit. An administrator must harden a router, but the administrator failed to test the SSH access successfully to the router. Which action resolves the
Issue?","A. SSH syntax must be ssh -l user ip to log in to the remote device
B. Conﬁgure enable secret to log in to the device
C. Conﬁgure SSH on the remote device to log in using SSH
D. SSH must be allowed with the transport output ssh command",A,p193_img0.png,193,390.0
QUESTION 391,"QUESTION 391
The network administrator conﬁgured the router for Control Plane Policing so that inbound SSH trafﬁc is policed to 500 kbps. This policy must apply to trafﬁc coming in
from 10.10.10.0/24 and 192.168.10.0/24 networks.

access-list 100 permit ip 10.10.10.0 0.0.0.255 any
access—list 100 permit tcp 192.168.10.0 0.0.0.255 any eq 23
!
class-map CLASS-SSH
 match access-group 100
!
policy-map PM—COPP
 class CLASS-SSH
  police 500000 conform-action transmit
!
interface E0/0
 service-policy input PM—COPP
!
interface E0/1
 service-policy input PM-COPP
The Control Plane Policing is not applied to SSH trafﬁc and SSH is open to use any bandwidth availiable. Which configuration resolves this issue?","A. no access-list 100
access-list 100 permit tcp 10.10.10.0 0.0.0.255 any eq 22
access-ﬁst 100 permit tcp 192.168.10.0 0.0.0.255 any eq 22
!
policy-map PM-COPP
 class CLASS-SSH
  no police 500000 conform-action transmit
  police 500000 conform-action transmit exceed-action drop
B. no access-list 100
access-list 100 permit tcp 10.10.10.0 0.0.0.255 any eq 22
access-ﬁst 100 permit tcp 192.168.10.0 0.0.0.255 any eq 22
C. no access-list 100
access-list 100 permit tcp 10.10.10.0 0.0.0.255 any eq 22
access-list 100 permit tcp 192.168.10.0 0.0.0.255 any eq 22
!
interface E0/0
 no service-policy input PM-COPP
!
interface E0/1
 no service-policy input PM-COPP
!
control-plane
 service-policy input PM-COPP
D. interface E0/0
 no service-policy input PM-COPP
!
interface E0/1
 no service-policy input PM-COPP
!
control-plane
 service-policy input PM-COPP",C,,194,391.0
QUESTION 392,"QUESTION 392

Refer to the exhibit. An engineer conﬁgures two ASBRs, 10.4.17.6 and 10.4.15.5, in an OSPF network to redistribute routes from EIGRR. However, both ASBRs show
the EIGRP routes as equai costs even though the next-hop router 10.4.17.6 is closer to R1. How should the network trafﬁc to the EIGRP preﬁxes be sent via
10.4.17.6?","A. The administrative distance shouid be raised to 120 from the ASBR 10.4.15.5.
B. The ASBR 10.4.17.6 shouid assign a tag to match and assign a lower metric an R1
C. The administrative distance should be raised to 120 from the ASBR 10.4.17.6.
D. The redisdistributed prefixes should be advertised as Type 1.",D,p195_img1.png,194,392.0
QUESTION 393,"QUESTION 393

Refer to the exhibit. The Customer Edge router (AS 65500) wants to use AS 100 as the preferred ISP for all external routes.
Customer Edge
route-map SETLP
 set local-preference 111
!
router bgp 65500
 neighbor 192.168.111.1 remote-as 100
 neighbor 192.168.111.1 route-map SETLP out
 neighbor 192.168.112.2 remote-as 200
This conﬁguration failed to send routes to AS 100 as the preferred path. Which set of conﬁgurations resolves the issue?
neighbor 192.168.111.1 route-map SETPP out
neighbor 192.168.111.1 route-map SETPP in","A. route-map SETLP
 set local-preference 111
!
router bgp 65500
 neighbor 192.168.111.1 remote-as 100
 neighbor 192.168.111.1 route-map SETLP out
B. route-map SETLP
 set local-preference 111
!
router bgp 65500
 neighbor 192.168.111.1 remote-as 100
 neighbor 192.168.111.1 route-map SETLP in
C. route-map SETPP
 set as-path prepend 111 111
!
router bgp 65500
 neighbor 192.168.111.1 remote-as 100
D. route-map SETPP
 set as-path prepend 100 100
!
router bgp 65500
 neighbor 192.168.111.1 remote-as 100",B,p195_img0.png,195,393.0
QUESTION 394,"QUESTION 394

Refer to the exhbit. A network engineer is troubleshooting a failed link between R2 and R3. No traffic loss is reported from router R5 to HQ. Which command fixes the
separated backbone?","A. R3(config-router)#area 21 virtual-link 192.168.125.5
B. R3(config-router)#no area 21 stub
C. R2(config-router)#area 21 virtual-link 192.168.125.5
D. R2(config-router)#no area 21 stub",B,"p196_img2.png,p196_img1.png",196,394.0
QUESTION 395,"QUESTION 395

Refer to the exhibit. An engineer must conﬁgure OSPF with R9 and R10 and conﬁgure redistribution between OSPF and RIP, causing routing loop. Which
conﬁguration on R9 and R10 meets this objective?","A. router ospf 1
 redistribute rip subnets tag 20
!
route-map deny_tag20 deny 10
 match tag 20
route-map deny_tag20 permit 20
!
router ospf 1
 distribute-list route-map deny_tag20 in
B. router ospf 1
 redistribute rip subnets tag 20
!
route-map deny_tag20 deny 10
 match tag 20
route-map deny_tag20 permit 20
!
router rip 1
 distribute-list route-map deny_tag20 in
C. router ospf 1
 redistribute rip subnets tag 20
!
route-map deny_tag20 permit 10
 match tag 20
route-map deny_tag20 permit 20
!
router ospf 1
 distribute-list route-map deny_tag20 in
D. router ospf 1
 redistribute rip subnets tag 20
!
route-map deny_tag20 deny 10
 match tag 20
route-map deny_tag20 deny 20
!
router ospf 1
 distribute-list route-map deny_tag20 in",B,p196_img0.png,196,395.0
QUESTION 396,"QUESTION 396

Refer to the exhibits. London must reach Rome using a faster path via EIGRP if all the links are up, but it failed to take this path. Which action resolves the issue?","A. Use the network statement on London to inject the 172.16.X.0/24 networks into EIGRP.
B. Increase the bandwidth of the link between London and Barcelona
C. Use the network statement on Rome to inject the 172.16.X.0/24 networks into EIGRP.
D. Change the administrative distance of RIP to 150.",C,"p197_img0.png,p198_img1.png",197,396.0
QUESTION 397,"QUESTION 397

Refer to the exhibit. Bangkok is using ECMP to reach 172.20.2.0/24 network The network administrator must conﬁgure it in such a way that trafﬁc from 172.16.2.0/24
network uses the Singapore router as the preferred route. Which set of conﬁgurations accomplishes this task?
access-list 101 permit ip 172.16.2.0 0.0.0.255 172.20.2.0 0.0.0.255
!
route-map PBR1 permit 10
 match ip address 101
 set ip next-hop peer-address
!
interface Ethernet0/0
ip policy route-map PBR1
C. Dubai
access-list 101 permit ip 172.16.2.0 0.0.0.255 172.20.2.0 0.0.0.255
!
route-map PBR1 permit 10
 match ip address 101
 set ip next-hop 172.19.1.2
!
interface Ethernet0/0
 ip policy route-map PBR1","A. Bangkok
access-list 101 permit ip 172.16.2.0 0.0.0.255 172.20.2.0 0.0.0.255
!
route-map PBR1 permit 10
 match ip address 101
 set ip next-hop 172.19.1.2
!
interface Ethernet0/2
 ip policy route-map PBR1
B. Dubai
D. Bangkok
access-list 101 permit ip 172.16.2.0 0.0.0.255 172.20.2.0 0.0.0.255
!
route-map PBR1 permit 10
 match ip address 101
 set ip next-hop 172.19.1.2
!
interface Ethernet0/1
 ip policy route-map PBR1",A,p198_img0.png,198,397.0
QUESTION 398,"QUESTION 398
Drag and drop the descriptions from the left onto the corresponding MPLS components on the right.

Select and Place:",,A,"p199_img1.png,p199_img0.png",199,398.0
QUESTION 399,"QUESTION 399

Routing table in Cape Town
Refer to the exhibit. The network administrator must conﬁgure Cape Town to reach Dubai via Tokyo based on the speeds provided by the service provider. lt was
noticed that Cape Town is reaching Dubai direcﬂy and failed to meet the requirement. Which configuration fixes the issue?
Dubai
interface E0/0
 bandwidth 50000
interface E0/1
 bandwidth 5000
Tokyo
interface E0/0
 bandwidth 50000
interface E0/1
 bandwidth 10000","A. Cape Town
router eigrp 100
 variance 2
B. Cape Town
interface E0/0
 bandwidth 5000
interface E0/1
 bandwidth 10000
C. Dubai
router eigrp 100
 variance 2
D. Cape Town
interface E0/0
 bandwidth 5000
interface E0/1
 bandwidth 10000",B,"p200_img1.png,p200_img0.png",199,399.0
QUESTION 400,"QUESTION 400

Refer to the exhibit. An engineer conﬁgured NetFlow but cannot receive the ﬂows from R1 . Which two conﬁgurations resolve the issue? (Choose two).","A. R3(config)#ip access-list extended DDOS
R3(config-ext-nacl)#5 permit udp any host 10.66 66.66 eq 1090
B. R4(config)#ip access-list extended DDOS
R4(config-ext-nacl)#5 permit udp any host 10.66 66.66 eq 1090
C. R1(config)#flow exporter FlowExporter1
R1(config-flow-exporter)#destination 10.66.60.66
D. R3(config)#flow exporter FlowExporter1
R3(config-flow-exporter)#destination 10.66.66.66
E. R4(config)#flow exporter FlowExporter1
R4(config-flow-exporter)#destination 10.66.66.66",AB,p201_img1.png,200,400.0
QUESTION 401,"QUESTION 401

Refer to the exhibit. The Customer Edge router wants to use AS 100 as the preferred ISP for all external routes and ISP-2 as a backup.
Customer-Edge
route-map SETAS
 set as-path prepend 111
router bgp 64555
 neighbor 192.168.1.1 remote-as 100
 neighbor 192,168.2.2 remote-as 200
 neighbor 192168.2.2 route-map SETAS in
After this conﬁguration. all the backup routes have disappeared from the BGP table on the Customer Edge router. Which set of conﬁgurations solves the issue on the
Customer Edge router?
router bgp 64555
 neighbor 192.168.1.1 remote-as 100
 neighbor 192,168.2.2 remote-as 200
neighbor 192168.2.2 route-map SETAS out
B. route-map SETAS
 set as-path prepend 200
router bgp 64555
 neighbor 192.168.1.1 remote-as 100
 neighbor 192,168.2.2 remote-as 200
 neighbor 192168.2.2 route-map SETAS in
router bgp 64555
 neighbor 192.168.2.2 remote-as 100
 neighbor 192,168.1.1 remote-as 200
 neighbor 192168.2.2 route-map SETAS in
router bgp 64555
 neighbor 192.168.1.1 remote-as 100
 neighbor 192,168.2.2 remote-as 200
 neighbor 192168.2.2 route-map SETAS out","A. route-map SETAS
 set as-path prepend 111
C. route-map SETAS
 set as-path prepend 111
D. route-map SETAS
 set as-path prepend 200",B,p201_img0.png,201,401.0
QUESTION 402,"QUESTION 402
A network administrator is troubleshooting a failed AAA login issue on a Cisco Catalyst c3560 switch. When the network administrator tries to log in through SSH
using TACACS+ usemame and password credentials, the switch is no longer authenticating and is failing back to the local account. Which action resolves this issue?","A. Conﬁgure ip tacacs-server source-interface GigabitEthemet 1/1.
B. Conﬁgure ip tacacs source-ip 192.168.100.55.
C. Conﬁgure ip tacacs-server source-ip 192.168.100.55.
D. Conﬁgure ip tacacs source-interface GigabitEthemet 1/1.",D,,202,402.0
QUESTION 403,"QUESTION 403
A network engineer must conﬁgure a DMVPN network so that 3 spoke establishes a direct path to another spoke if the two must send trafﬁc to each other. A spoke
must send trafﬁc directly to the hub if required. Which conﬁguration meets this requirement?

interface tunnel10
 ip nhrp nhs multicast dynamic
 ip nhrp nhs shortcut
 tunnel mode gre multipoint
On the spokes router:
interface tunnel10
 ip nhrp nhs multicast dynamic
 ip nhrp nhs redirect
 tunnel mode gre multipoint
interface tunnel10
 ip nhrp nhs dynamic multipoint
 ip nhrp nhs shortcut
 tunnel mode gre multicast
On the spokes router:
interface tunnel10
 ip nhrp nhs multicast dynamic
ip nhrp nhs redirect
tunnel mode gre multicast
C. At the hub router:
interface tunnel10
 ip nhrp map multicast dynamic
 ip nhrp redirect
 tunnel mode gre multipoint
On the spokes router:
interface tunnel10
 ip nhrp map multicast dynamic
 ip nhrp shortcut
 tunnel mode gre multipoint
interface tunnel10
 ip nhrp map dynamic multipoint
 ip nhrp redirect
 tunnel mode gre multicast
On the spokes router:
interface tunnel10
 ip nhrp nhs multicast dynamic
 ip nhrp shortcut
 tunnel mode gre multicast","A. At the hub router:
B. At the hub router:
D. At the hub router:",C,,202,403.0
QUESTION 404,"QUESTION 404

Refer to the exhibit. The network engineer conﬁgured the summarization of the RIP routes into the OSPF domain on R5 but still sees four different 172.16.0.0/24
networks on R4. Which action resolves the issue?","A. R4(config)#router ospf 1
R4(config-router)#no area
R4(config-router)#summary-address 172.16.0.0 255.255.252.0
B. R4(config)#router ospf 99
R4(config-router)#network 172.16.0.0 0.255.255.255 area 56
R4(config-router)#summary-address 172.16.0.0 255.255.252.0
C. R5(config)#router ospf 1
R5(config-router)#no area
R5(config-router)#summary-address 172.16.0.0 255.255.252.0
D. R5(config)#router ospf 99
R5(config-router)#network 172.16.0.0 0.255.255.255 area 56
R5(config-router)#summary-address 172.16.0.0 255.255.252.0",C,p203_img0.png,203,404.0
QUESTION 405,"QUESTION 405

Refer to the exhibit. An engineer conﬁgured route exchange between two different companies for a migration project. EIGRP routes were learned in router C, but no
OSPF routes were learned in router A. Which conﬁguration allows router A to receive OSPF routes?","A. (conﬁg-router-af-topology)#redistribute connected
B. (conﬁg-router-af-topology)#redistribute ospf 10 metric 1000000 10 255 1 1500
C. (conﬁg-router-af-topology)#no redistribute ospf 10 match external 1 external 2 metric 1000000 10 255 1 1500
D. (conﬁg-router-af-topology)#redistribute ospf 10 1000000 10 255 1 1500",B,p204_img1.png,203,405.0
QUESTION 406,"QUESTION 406

Refer to the exhibit. The network administrator conﬁgures the Chicago router to mutually redistribute the LA and NewYork routes with EIGRP
routes to be summarized as a single route in OSPF:
router eigrp 100
 redistribute ospf 1 metric 10 10 10 10 10
router ospf 1
 redistribute eigrp 100 subnets
 area 0 range 192.168.4.0 255.255.252.0
After the conﬁguration, the LA router receives all the speciﬁc NewYork routes except the summary route. Which set of conﬁgurations resolve the
issue on the Chimgo router?","A. router ospf 1
 summary-address 192.168.4.0 255.255.252.0
B. router ospf 1
 area 0 range 192.168.4.0 255.255.0.0
C. interface E 0/0
 summary-address 192.168.4.0 255.255.252.0
D. interface E 0/0
 ip summary-address eigrp 100 192.168.4.0 255.255.252.0",A,p204_img0.png,204,406.0
QUESTION 407,"QUESTION 407

Refer to the exhibit. R1 cannot authenticate via TACACS. Which conﬁguration resolves the issue?","A. tacacs server DC1_TACACS
 address ipv4 10.60.66.66
 key D@t@c3nter1TACACS
B. aaa group server tacacs+ DC1_TACACS
 server name DC_TACACS
C. tacacs server DC1_TACACS
 address ipv4 10.66.66.66
 key D@t@c3nter1TACACS
D. aaa group server tacacs+ DC_TACACS
 server name DC_TACACS",C,p205_img1.png,204,407.0
QUESTION 408,"QUESTION 408
What must be conﬁgured by the network engineer to circumvent AS_PATH loop prevention mechanism in IP/VPN Hub and Spoke deployment scenanos?","A. Use allowas-in and as-override at all PEs
B. Use allowas-in and as-override at the PE_Hub
C. Use allowas at the PE_Hub
D. Use as-override at the PE_Hub",B,,205,408.0
QUESTION 409,"Refer to the exhibit. An administrator can log in to the device using Telnet, but the attempts to log in to the same device using SSH with the same credentials fail.
Which action resolves this issue?","A. Conﬁgure transport input all on the VTY lines to allow SSH.
B. Conﬁgure the VTY lines with login local.
C. Conﬁgure to use the Telnet user database for SSH as well.
D. Conﬁgure SSH service on the router.",B,"p205_img0.png,p206_img0.png",205,409.0
QUESTION 410,"QUESTION 410
An engineer must override the normal routing behavior of a router. The engineer must send HTTP trafﬁc that is destined to 10.100.100.100 from 10.1.1.0/24 via a next
hop of 10.2.2.2, two hops away from the router that is connected to the 10.1.1.0/24 subnet. Which conﬁguration reroutes trafﬁc according to this requirement?","A. access—list 100 permit tcp 10.1.1.0 0.0.0.255 host 10.100.100.100 eq http
!
route-map POLICY permit 10
 match ip address 100
 set ip next-hop recursive 10.2.2.2
B. access—list 100 permit tcp 10.1.1.0 0.0.0.255 host 10.100.100.100 eq http
!
route-map POLICY permit 10
 match ip address 100
 set ip next-hop 10.2.2.2
route-map POLICY permit 20
C. access—list 100 permit tcp 10.1.1.0 0.0.0.255 host 10.100.100.100 eq http
!
route-map POLICY permit 10
 match ip address 100
 set ip next-hop recursive 10.2.2.2
route-map POLICY permit 20
D. access—list 100 permit tcp 10.1.1.0 0.0.0.255 host 10.100.100.100 eq http
!
route-map POLICY permit 10
 match ip address 100
 set ip next-hop 10.2.2.2",A,,206,410.0
QUESTION 411,"QUESTION 411

Refer to the exhibit. The company implemented uRPF to address an antispoofing attack. A network engineer received a call from the IT security department that the
regional data center is under an IP spoofing attack. Which conﬁguration must be implemented on R1 to resolve this issue?","A. interface ethernet0/1
 ip unicast RPF check reachable-via any allow-default allow-seIf-ping
B. interface ethernet0/0
ip verify unlcast reverse-path
C. interface ethernet0/1
ip verify unlcast reverse-path
D. interface ethernet0/0
 ip unicast RPF check reachable-via any allow-default allow-seIf-ping",C,p207_img0.png,206,411.0
QUESTION 412,"QUESTION 412
What is a characteristic of IPv6 RA Guard?","A. RA messages are allowed from the host port to the switch.
B. It is unable to protect tunneled trafﬁc
C. It ﬁlters rogue RA broadcasts from connected hosts
D. It is supported on the egress direction of the switch.",C,,207,412.0
QUESTION 413,"QUESTION 413

Refer to the exhibit. An engineer applied an IPv6 trafﬁc ﬁlter on R1. The interface ﬂapped between R1 and R2 and clearing the BGP session did not restore the BGP
session and failed. Which action must the engineer take to restore the BGP session from R2 to R1?","A. Enable the BGP session, which went down when the session was cleared.
B. Swap the source and destination IP addresses in the IPv6 trafﬁc ﬁlter.
C. Apply the IPv6 trafﬁc ﬁlter in the outbound direction on the interface.
D. ICMPv6 must be permitted by the IPv6 trafﬁc ﬁlter.",D,"p208_img2.png,p208_img1.png",207,413.0
QUESTION 414,"QUESTION 414

Refer to the exhibit. After reloading the router, an administrator discovered that the interface utilization graphs displayed inconsistencies with their previous history in
thé NMS. Which action prevents this issue from occurring after another router reload in the future?","A. Rediscover all the router interfaces through SNMP after the router is reloaded.
B. Save the router conﬁguration to startup-conﬁg before reloading the router.
C. Conﬁgure SNMP to use static OIDs referring to individual router interfaces.
D. Conﬁgure SNMP interface index persistence on the router.",D,p208_img0.png,208,414.0
QUESTION 415,"QUESTION 415

Refer to the exhibit. An engineer applies a preﬁx-list ﬁlter that ﬁlters most of the network 10 preﬁxes instead of allowing them. Which action resolves the Issue?","A. Modify the ip prefix-list EIGRP seq 10 permit 10.0.0.0/8 le 9 command.
B. Modify the ip prefix-list EIGRP seq 20 permit 10.0.0.0/8 ge 9 command.
C. Modify the ip prefix-list EIGRP seq 10 permit 10.0.0.0/8 le 32 command.
D. Modify the ip prefix-list EIGRP seq 20 permit 10.0.0.0/8 le 32 command.",C,p209_img2.png,208,415.0
QUESTION 416,"QUESTION 416

Refer to the exhibit. Which action makes 10.1.3.2 the feasible successor to reach 10.200.1.0/24?","A. Increase path bandwidth higher than 10.1.1.2 and lower than 10.1.2.2 between RtrA and the destination.
B. Increase path bandwidth higher than 10.1.2.2 and lower than 10.1.1.2 between RtrA and the destination.
C. Increase path bandwidth lower than 10.1.1.2 and lower than 10.1.2.2 between RtrA and the destination.
D. Increase path bandwidth higher than 10.1.1.2 and higher than 10.1.2.2 between RtrA and the destination.",B,p209_img1.png,209,416.0
QUESTION 417,"QUESTION 417

Refer to the exhibit-
RR Conﬁguration:
router bgp 100
 neighbor IBGP peer-group
 neighbor IBGP route-reflector-client
 neighbor 10.1.1.1 remote-as 100
 neighbor 10.1.2.2 remote-as 100
 neighbor 10.1.3.3 remote-as 100
The network administrator conﬁgured the network to establish connectivity between all devices and notices that the ASBRs do not have routes for each other. Which
set of conﬁgurations resolves this issue?","A. router bgp 100
 neighbor 10.1.1.1 next-hop-self
 neighbor 10.1.2.2 next-hop—self
 neighbor 10.1.3.3 ncxt-hop-self
B. router bgp 100
 neighbor IBGP next-hop-self
C. router bgp 100
 neighbor IBGP update-source Loopback0
D. router bgp 100
 neighbor 10.1.1.1 peer-group IBGP
 neighbor 10.1.2.2 peer-group IBGP
 neighbor 10.1.3.3 peer-group IBGP",D,p209_img0.png,209,417.0
QUESTION 418,"QUESTION 418
The network administrator conﬁgured CoPP so that all HTTP and HTTPS trafﬁc from the administrator device located at 172.16.1.99 toward the router CPU is limited
to 500 kbps. Any trafﬁc that exceeds this limit must be dropped.

access-list 100 permit ip host 172.16.1.99 any
class-map CM-ADMIN
 match access-group 100
policy-map PM-COPP
 class CM-ADMIN
 police 500000 conform-action transmit
interfacc E0/0
 service-policy input PM-COPP
CoPP failed to capture the desired trafﬁc and the CPU load is getting higher. Which two conﬁgurations resolve the issue? (Choose two.)","A. no access-list 100
access-list 100 pennit tcp host 172.16.1.99 any eq 80
access-list 100 permit tcp host 172.16.1.99 any eq 443
B. no access-list 100
access-list 100 pennit tcp host 172.16.1.99 any eq 80
C. policy-map PM-COPP
 class CM-ADMIN
  no police 500000 conform-action transmit
  police 500 conform-action transmit
!
control-plane
 service-policy input PM—COPP
D. interface E0/0
 no service-policy input PM—COPP
!
control-plane
 service-policy input PM—COPP
E. policy-map PM-COPP
 class CM-ADMIN
  no police 500000 conform-action transmit
  police 500 conform-action transmit",AD,,210,418.0
QUESTION 419,"QUESTION 419

Refer to the exhibit. An engineer implemented CoPP but did not see OSPF trafﬁc going through it. Which conﬁguration resolves the issue?","A. ip access-list extended OSPF
 permit ospf any any
B. policy-map COPP
 class OSPF
  police 8000 conform-action transmit exceed-action transmit violate-action drop
C. class-map match-all OSFP
 match access-group name OSPF
D. control-plane
 service-policy input COPP",A,p211_img1.png,210,419.0
QUESTION 420,"QUESTION 420

Refer to the exhibit A network engineer is provisioning end-to-end trafﬁc service for two different enterprise networks with these requirements:
- The OSPF process must differ between customers on HQ and Branch ofﬁce routers, and adjacencies should come up instantly.
- The enterprise networks are connected with overlapping networks between HQ and a Branch ofﬁce.
Which conﬁguration meets the requirements for a customer site?
lSP(conﬁg-if)#no shut
C. lSP(conﬁg)#int f0/0
lSP(conﬁg-if)#ip vrf forwarding EB
lSP(conﬁg-if)#description TO->EB1_HQ
lSP(conﬁg-if)#ip address 172.16.100.2 255.255.255.0
lSP(conﬁg-if)#no shut","A. lSP(conﬁg)#int f3/0
lSP(conﬁg-if)#ip vrf forwarding EA
lSP(conﬁg-if)#description TO->EA2_Branch
lSP(conﬁg-if)#ip address 172.16.200.2 255.255.255.0
lSP(conﬁg-if)#no shut
B. lSP(conﬁg)#int f2/0
lSP(conﬁg-if)#ip vrf forwarding EA
lSP(conﬁg-if)#description TO->EA1_HQ
lSP(conﬁg-if)#ip address 172.16.100.2 255.255.255.0
D. lSP(conﬁg)#int f1/0
lSP(conﬁg-if)#ip vrf forwarding EA
lSP(conﬁg-if)#description TO->EA2_Branch
lSP(conﬁg-if)#ip address 172.16.200.2 255.255.255.0
lSP(conﬁg-if)#no shut",D,p211_img0.png,211,420.0
QUESTION 421,"QUESTION 421

Refer to the exhibit. An engineer is troubleshooting failed access by contractors to the business application server via Telnet or HTTP during the
weekend. Which conﬁguration resolves the issue?","A. R1
no access-list 101 permit tcp 10.3.3.0 0.0.0.255 host 10.1.1.3 eq telnet time-range Contractor
B. R4
no access-list 101 permit tcp 10.3.3.0 0.0.0.255 host 10.1.1.3 eq telnet time-range Contractor
C. R1
time-range Contractor
 no periodic weekdays 8:00 to 16:30
 periodic daily 8:00 to 16:30
D. R4
time-range Contractor
 no periodic weekdays 8:00 to 16:30
 periodic daily 8:00 to 16:30",C,p212_img0.png,212,421.0
QUESTION 422,"QUESTION 422

Refer to the exhibit. Two routers are connected back to back via Gigabit Ethernet 0/0 interfaces. Which conﬁguration provides VRF-Lite connectivity for two separate
VRFs using the preﬁxes 10.1.1.0/24 for one VRF and 10.2.2.0/24 for the other VRF?","A. ip vrf 1
 rd 65001:1
ip vrf 2
 rd 65001:2
!
int GigabitEthernet0/0
 no shut
!
int GigabitEthernet0/0.1
 encapsulation dot1Q 1
 ip vrf forwarding
 ip address 10.1.1.1 255.255.255.0
!
int GlgabitEthernet0/0.2
 encapsulation dot1Q 2
 ip vrf forwarding
 ip address 10.2.2.1 255.255.255.0
B. ip vrf 1
ip vrf 2
!
int GigabitEthernet0/0
 no shut
!
int GigabitEthernet0/0.1
 encapsulation dot1Q 1
 ip address 10.1.1.1 255.255.255.0
 ip vrf forwarding 1
!
int GlgabitEthernet0/0.2
 encapsulation dot1Q 2
 ip address 10.2.2.1 255.255.255.0
 ip vrf forwarding 2
C. ip vrf 1
ip vrf 2
!
int GigabitEthernet0/0
 no shut
!
int GigabitEthernet0/0.1
 encapsulation dot1Q 1
 ip vrf forwarding 1
 ip address 10.1.1.1 255.255.255.0
!
int GlgabitEthernet0/0.2
 encapsulation dot1Q 2
 ip vrf forwarding 2
 ip address 10.2.2.1 255.255.255.0
D. ip vrf 1
 rd 65001:1
ip vrf 2
 rd 65001:2
!
int GigabitEthernet0/0
 no shut
!
int GigabitEthernet0/0.1
 encapsulation dot1Q 1
 ip vrf forwarding 1
 ip address 10.1.1.1 255.255.255.0
!
int GlgabitEthernet0/0.2
 encapsulation dot1Q 2
 ip vrf forwarding 2
 ip address 10.2.2.1 255.255.255.0",C,p213_img0.png,213,422.0
QUESTION 423,"QUESTION 423

R2
interface LoopBack 0
 no ip address
 ipv6 address 2002::1/128
 ipv6 eigrp 1
interface FastEtherent0/1
 ipv6 address autoconfig
 ipv6 eigrp 1
!
ipv6 router eigrp 1
 stub summary
 no shutdown
Refer to the exhibit. R1 connecting to R2's f0/1 cannot receive the R2 preﬁx. What must be reconﬁgured to advertise R2 interfaces to R1?","A. EIGRP process on R2 by removing the stub command keyword summary
B. EIGRP process on R2 with the command stub summary connected
C. interface FastEthemet0/1 on R2 with an EIGRP summary for the loopback preﬁx
D. EIGRP process on R2 with the command stub summary receive-only",B,,213,423.0
QUESTION 424,"QUESTION 424

Refer to the exhibit. An engineer must ﬁlter EIGRP updates that are received to block all 10.10.10.0/24 preﬁxes. The engineer tests the distribute list and ﬁnds one
associated preﬁx. Which action resolves the issue?","A. There is a permit in the route map that allows this preﬁx. A deny 20 statement is required with no match condition to block the preﬁx.
B. There is a permit in the route map that allows this preﬁx. A deny 20 statement is required with a match condition to match a new ACL that
denies all preﬁxes.
C. There is a permit in the ACL that allows this preﬁx into EIGRP. The ACL should be modiﬁed to deny 10.10.10.0 0.0.0.255.
D. There is a permit in the ACL that allows this preﬁx into EIGRP. The ACL should be modiﬁed to deny 10.10.10.0 255.255.255.0.",C,p214_img0.png,214,424.0
QUESTION 425,"QUESTION 425
A network administrator must optimize the segment size of the TCP packet on the DMVPN lPsec protected tunnel interface, which carries application trafﬁc from the
head ofﬁce to a designated branch. The TCP segment size must not overwhelm the MTU of the outbound link. Which conﬁguration must be applied to the router to
improve the application performance?

ip mtu 1400
 ip tcp adjust-mss 1360
!
crypto ipsec fragmentation before-encryption
D. interface tunnel30
 ip mtu 1400
 ip tcp packet-size 1360
!
crypto ipsec fragmentation before-encryption","A. interface tunnel30
 ip mtu 1400
 ip tcp max-segment 1360
!
crypto ipsec fragmentation before-encryption
B. interface tunnel30
 ip mtu 1400
 ip tcp payload-size 1360
!
crypto ipsec fragmentation before-encryption
C. interface tunnel30",C,,214,425.0
QUESTION 426,"QUESTION 426

Refer to the exhibit. The traffic from spoke to hub is dropping. The operations team observes:
  R2-R3 link is down due to the fiber cut.
  R2 and R5 receive traffic from R1 in AS 65101.
  R3 and R5 receive traffic from R4 in AS 65201.
Which configuration resolves the issue?","A. R6(config)#router bgp 65201
R6(config-router)#neighbor 10.10.10.5 remote-as 65101
R6(config-router)#neighbor 10.10.10.5 update-source Loopback0
R6(config-router)#neighbor 10.10.10.5 ebgp-multihop 3
B. R5(config)#router bgp 65101
R5(config-router)#neighbor 10.10.10.6 remote-as 65201
R5(config-router)#neighbor 10.10.10.6 update-source Loopback0
R5(config-router)#neighbor 10.10.10.6 ebgp-multihop 3
C. R5(config)#router bgp 65101
R5(config-router)#no neighbor 10.0.0.18 update-source Loopback0
D. R6(config)#router bgp 65101
R6(config-router)#no neighbor 10.0.0.17 update-source Loopback0",C,"p215_img1.png,p215_img0.png",215,426.0
QUESTION 427,"QUESTION 427
Which MPLS value is combined with the IP prefix to convert to a VPNv4 prefix?","A. 16-byte Route Distinguisher
B. 8-byte Route Distinguisher
C. 16-byte Route Target
D. 8-byte Route Target",B,,216,427.0
QUESTION 428,"QUESTION 428
Which technique removes the outermost label of an MPLS-tagged packet before the packet is forwarded to an adjacent LER?","A. label swap
B. explicit-null
C. PHP
D. label imposition",C,,216,428.0
QUESTION 429,"QUESTION 429

Refer to the exhibit. An engineer must filter incoming EIGRP updates to allow only a set of specific prefixes. The distribute list is tested, and it filters out all routes
except network 10.10.10.0/24. How should the engineer temporarily allow all prefixes to be learned by the router again without adjusting the existing access list?
be removed.
D. An extended access list must be used instead of a standard access list to accomplish the task.","A. A permit any statement should be added before completing the ACL with the required prefixes, and then the permit any statement can be removed.
B. A permit 20 statement should be added before completing the ACL with the required prefixes, and then the permit 20 statement can be removed.
C. A continue statement should be added within the permit 10 statement before completing the ACL with the required prefixes, and then the continue statement can",B,p216_img0.png,216,429.0
QUESTION 430,"QUESTION 430

Refer to the exhibit. R3 cannot authenticate via TACACS. Which configuration resolves the issue?","A. tacacs server SITE6_TACACS
  address ipv4 10.66.66.66
  key CiscoTACACS
B. tacacs server SITE6_TACACS
  key C!scoTACACS
C. tacacs server SITE6_TACACS
  key C!sc0TACACS
D. tacacs server SITE6_TACACS
  address ipv4 10.60.66.66
  key C!scoTACACS",B,p217_img0.png,216,430.0
QUESTION 431,"QUESTION 431
The network administrator configured CoPP so that all SNMP traffic from Cisco Prime located at 192.168.1.11 toward the router CPU is limited to 1000 kbps. Any
traffic that exceeds this limit must be dropped.

acess-list 100 permit udp any any eq 161
class-map CM-SNMP
 match access-group 100
policy-map PM-COPP
 class CM-SNMP
  police 1000 conform-action transmit
control-plane
 service-policy input PM-COPP
The network administrator is not getting the desired result for the SNMP traffic and SNMP traffic is getting dropped frequently. Which set of configurations resolves the
issue?
police 1000000 conform-action transmit","A. policy-map PM-COPP
 class CM-SNMP
  no police 1000 conform-action transmit
  police 1000000 conform-action transmit
B. no access-list 100
access-list 100 permit udp host 192.168.1.11 any eq 161
!
policy-map PM-COPP
 class CM-SNMP
  no police 1000 conform-action transmit
  police 1000000 conform-action transmit
!
control-plane
 no service-policy input PM-COPP
!
interface E 0/0
 service-policy input PM-COPP
!
interface E 0/1
 service-policy input PM-COPP
C. no access-list 100
access-list 100 permit tcp host 192.168.1.11 any eq 161
D. no access-list 100
access-list 100 permit udp host 192.168.1.11 any eq 161
!
policy-map PM-COPP
 class CM-SNMP
  no police 1000 conform-action transmit",D,,217,431.0
QUESTION 432,"QUESTION 432

Refer to the exhibit. The IT router has been configured with the Maths VRF and the interfaces have been assigned to the VRF. Which set of configurations exchanges
routes between the Maths-1 and Maths-2 routers using OSPF in area 0?","A. router ospf 1 vrf Maths area 0
 network 192.168.1.0
 network 192.168.2.0
B. router ospf 1 vrf Maths
 network 192.168.1.0 0.0.0.255 area 0
 network 192.168.2.0 0.0.0.255 area 0
C. router ospf 1
 address-family ipv4 vrf Maths
  network 192.168.1.0 0.0.0.255 area 0
  network 192.168.2.0 0.0.0.255 area 0
D. router ospf 1
 network 192.168.1.0 0.0.0.255 area 0
 network 192.168.2.0 0.0.0.255 area 0",B,"p218_img1.png,p218_img0.png",218,432.0
QUESTION 433,"QUESTION 433
What is a function of the IPv6 DHCP Guard feature for DHCP messages?","A. All client messages are always switched regardless of the device role.
B. It blocks only DHCP request messages.
C. If the device is configured as a DHCP server, no message is switched.
D. Only access lists are supported for matching traffic.",A,,219,433.0
QUESTION 434,"QUESTION 434

Refer to the exhibit. A bank ATM site has difficulty connecting with the bank server. A network engineer troubleshoots the issue and finds that R4 has no active route
to the bank ATM site. Which action resolves the issue?","A. Advertise 10.10.30.0/24 subnet in R1 EIGRP AS.
B. Advertise 10.10.30.0/24 subnet in R3 EIGRP AS.
C. EIGRP peering between R3 and R4 to be fixed.
D. EIGRP peering between R1 and R2 to be fixed.",C,p219_img0.png,219,434.0
QUESTION 435,"QUESTION 435

Refer to the exhibit. Routers R1 and R2 have established a network adjacency using EIGRP, and both routers are advertising subnets to its neighbor. After issuing the
show ip EIGRP topology all-links command in R1, some prefixes are not showing R2 as a successor. Which action resolves the issue?","A. Enable split-horizon.
B. Configure the network statement on the neighbor.
C. Resolve the incorrect metric on the link.
D. Rectify the incorrect router ID in R2.",B,p220_img1.png,219,435.0
QUESTION 436,"QUESTION 436

Refer the exhibit. An engineer configured SNMP traps to record spoofed packets drop of more than 48000 a minute on the ethernet0/0 interface. During an IP spoofing
attack, the engineer noticed that no notifications have been received by the SNMP server. Which configuration resolves the issue on R1?","A. ip verify unicast notification threshold 48000
B. ip verify unicast notification threshold 800
C. ip verify unicast notification threshold 80
D. ip verify unicast notification threshold 8000",B,p220_img0.png,220,436.0
QUESTION 437,"QUESTION 437

Refer to the exhibit. A network administrator is trying to switch to the privileged EXEC level on R1 but failed. Which configuration resolves the issue?","A. tacacs server enable-password Cisco@123
B. tacacs-server enable-password Cisco@123
C. enable-password Cisco@123
D. enable password Cisco@123",D,p221_img1.png,221,437.0
QUESTION 438,"QUESTION 438

Refer to the exhibit. An engineer must redistribute networks 192.168.10.0/24 and 192.168.20.0/24 into OSPF from EIGRP, where the metric must be added when
traversing through multiple hops to start an external route of 20. The engineer notices that the external metric is fixed and does not add at each hop. Which
configuration resolves the issue?
R2(config)#route-map RD permit 10
R2(config-route-map)#match ip address 10
R2(config-route-map)#set metric 20
R2(config-route-map)#set metric-type type-1
!
R2(config)#router ospf 10
R2(config-router)#redistribute eigrp 10 subnets route-map RD
D. R2(config)#access-list 10 permit 192.168.10.0 0.0.0.255
R2(config)#access-list 10 permit 192.168.20.0 0.0.0.255
!
R2(config)#route-map RD permit 10
R2(config-route-map)#match ip address 10
R2(config-route-map)#set metric 20
R2(config-route-map)#set metric-type type-2
!
R2(config)#router ospf 10
R2(config-router)#redistribute eigrp 10 subnets route-map RD","A. R1(config)#access-list 10 permit 192.168.10.0 0.0.0.255
R1(config)#access-list 10 permit 192.168.20.0 0.0.0.255
!
R1(config)#route-map RD permit 10
R1(config-route-map)#match ip address 10
R1(config-route-map)#set metric 20
R1(config-route-map)#set metric-type type-1
!
R1(config)#router ospf 10
R1(config-router)#redistribute eigrp 10 subnets route-map RD
B. R1(config)#access-list 10 permit 192.168.10.0 0.0.0.255
R1(config)#access-list 10 permit 192.168.20.0 0.0.0.255
!
R1(config)#route-map RD permit 10
R1(config-route-map)#match ip address 10
R1(config-route-map)#set metric 20
R1(config-route-map)#set metric-type type-2
!
R1(config)#router ospf 10
R1(config-router)#redistribute eigrp 10 subnets route-map RD
C. R2(config)#access-list 10 permit 192.168.10.0 0.0.0.255
R2(config)#access-list 10 permit 192.168.20.0 0.0.0.255
!",C,p221_img0.png,221,438.0
QUESTION 439,"QUESTION 439

Refer to the exhibit. An engineer implemented CoPP to limit Telnet traffic to protect the router CPU. It was noticed that the Telnet traffic did not pass through CoPP.
Which configuration resolves the issue?","A. policy-map COPP
 class TELNET
  police 8000 conform-action transmit exceed-action transmit violate-action drop
B. ip access-list extended TELNET
 permit tcp host 10.2.2.1 host 10.2.2.4 eq telnet
 permit tcp host 10.1.1.1 host 10.1.1.3 eq telnet
C. policy-map COPP
 class TELNET
  police 8000 conform-action transmit exceed-action transmit
D. ip access-list extended TELNET
 permit tcp host 10.2.2.4 host 10.2.2.1 eq telnet
 permit tcp host 10.1.1.3 host 10.1.1.1 eq telnet",D,p222_img0.png,222,439.0
QUESTION 440,"QUESTION 440
An engineer configures PBR on R5 and wants to create a policy that matches traffic destined toward 10.10.10.0/24 and forwards it toward 10.1.1.1. This traffic must
also have its IP precedence set to 5. All other traffic should be forwarded toward 10.1.1.2 and have its IP precedence set to 0. Which configuration meets the
requirements?

match ip address 1
 set ip next-hop 10.1.1.1
 set ip precedence 5
!
route-map CCNP permit 20
 set ip next-hop 10.1.1.2
set ip precedence 0
C. access-list 100 permit 10.10.10.0 0.0.0.255
route-map CCNP permit 10
 match ip address 100
 set ip next-hop 10.1.1.1
 set ip precedence 0
!
route-map CCNP permit 20
 set ip next-hop 10.1.1.2
 set ip precedence 5
!
route-map CCNP permit 30
D. access-list 100 permit ip any 10.10.10.0 0.0.0.255
route-map CCNP permit 10
 match ip address 100
 set ip next-hop 10.1.1.1
 set ip precedence 5
!
route-map CCNP permit 20
 set ip next-hop 10.1.1.2
 set ip precedence 0","A. access-list 1 permit 10.10.10.0 0.0.0.255
access-list 2 permit any
route-map CCNP permit 10
 match ip address 1
 set ip next-hop 10.1.1.1
 set ip precedence 5
!
route-map CCNP permit 20
 match ip address 2
 set ip next-hop 10.1.1.2
 set ip precedence 0
!
route-map CCNP permit 30
B. access-list 1 permit 10.10.10.0 0.0.0.255
route-map CCNP permit 10",D,,222,440.0
QUESTION 441,"QUESTION 441
The summary route is not shown in the Router_B routing table after this below configuration on Router_A:
interface ethernet 0
description location ID:T1344S9A34B19
 ip address 192.168.3.1 255.255.255.0
 ip summary-address eigrp 1 172.16.80.0 255.255.240.0

Which Router_A configuration resolves the issue by advertising the summary route to Router_B?","A. interface loopback 0
 ip address 172.18.81.1 255.255.255.0
interface Ethernet 0
 ip address 192.168.3.1 255.255.255.0
 ip summary-address eigrp 1 172.16.80.0 255.255.240.0
B. interface loopback 0
 ip address 172.16.96.1 255.255.255.0
interface Ethernet 0
 ip address 192.168.3.1 255.255.255.0
 ip summary-address eigrp 1 172.16.80.0 255.255.240.0
C. interface loopback 0
 ip address 172.16.81.1 255.255.255.0
interface Ethernet 0
 ip address 192.168.3.1 255.255.255.0
 ip summary-address eigrp 1 172.16.80.0 255.255.240.0
D. interface loopback 0
 ip address 172.16.79.1 255.255.255.0
interface Ethernet 0
 ip address 192.168.3.1 255.255.255.0
 ip summary-address eigrp 1 172.16.80.0 255.255.240.0",C,,223,441.0
QUESTION 442,"QUESTION 442

Refer to the exhibit. An engineer troubleshoots a connectivity problem that is impacting the communication from the users at segment 172.16.3.16/28 to the server
farm at 192.168.5.16/28. Which configuration resolves the issue on router R1?
redistribute ospf 1 metric 14","A. router rip
 redistribute ospf 1 metric 16
B. router ospf 1
 redistribute rip metric 14
C. router ospf 1
 redistribute rip metric 16
D. router rip",D,"p224_img2.png,p224_img1.png,p224_img0.png",223,442.0
QUESTION 443,"QUESTION 443

Refer to the exhibit. After recovering from a power failure, Ethernet0/1 stayed down while Ethernet0/0 returned to the up/up state. The default route through ISP1 was
not reinstated in the routing table until Ethernet0/1 also came up. Which action resolves the issue?","A. Configure the default route through ISP1 with a higher administrative distance than 2.
B. Remove the references to the interface names from both static default routes.
C. Add a static route to the 8.8.8.8/32 destination through the next hop 203.0.113.1.
D. Reference the track object 1 in both static default routes.",C,p225_img1.png,225,443.0
QUESTION 444,"QUESTION 444

Refer to the exhibit. R1 and R2 use IGP protocol tc route traffic between AS 100 and AS 200 despite being configured to use BGP. Which action resolves the issue
and ensures the use of BGP?","A. Configure distance to 100 under the OSPF process of R1 and R2.
B. Remove distance commands under BGP AS 100 and AS 200.
C. Remove distance commands under BGP AS 100.
D. Configure distance to 100 under the EIGRP process of R1 and R2.",B,p225_img0.png,225,444.0
QUESTION 445,"QUESTION 445

Refer to the exhibit. An administrator is troubleshooting a time synchronization problem for the router's time to another Cisco IOS XE-based device that has recently
undergone security hardening. Which action resolves the issue?","A. NTP service is disabled and must be enabled on 10.1.255.40.
B. Allow NTP in the ingress ACL on 10.1.255.40 by permitting TCP destined to port 123.
C. Allow NTP in the ingress ACL on 10.1.255.40 by permitting UDP destined to port 123.
D. Ensure that the CPE router has a valid route to 10.1.255.40 for NTP and rectify if not reachable.",A,p226_img0.png,226,445.0
QUESTION 446,"QUESTION 446
An engineer must establish a connection between two CE routers for two customers with overlapping IP addresses. Customer_a is connected to interfaces Gig0/0,
and Customer_b is connected to interfaces Gig0/1. Routers CE1 and CE2 are configured as follows:
ip vrf customer_a
 rd 1:1
 route-target both 1:1

ip vrf customer_b
 rd 2:2
 route-target both 2:2
Drag and drop the code snippets from the right onto the boxes in the configuration to establish the needed connection. Snippets may be used more than once.
Select and Place:",,A,"p227_img2.png,p227_img1.png",226,446.0
QUESTION 447,"QUESTION 447

Refer to the exhibit. An administrator is attempting to disable the automatic logout after a period of inactivity. After logging out, the console stopped responding to all
keyboard inputs. Remote access through SSH still works. Which action resolves the issue?","A. Configure the no exec-timeout command on line con 0.
B. Configure the default exec-timeout command on line con 0.
C. Configure the absolute-timeout command on line con 0.
D. Configure the exec command on line con 0.",D,p227_img0.png,227,447.0
QUESTION 448,"QUESTION 448

Refer to the exhibit. An IPv6 ACL is applied to restrict PC1 from communicating with PC2 and allow all other traffic. Which configuration resolves the issue?","A. R3(config-ipv6-acl)#no sequence 30
R3(config-ipv6-acl)deny ipv6 host 2001:DB8:0:10::3B any sequence 10
B. R3(config-ipv6-acl)#no sequence 20
R3(config-ipv6-acl)deny ipv6 host 2001:DB8:0:10::3B any sequence 10
C. R3(config-ipv6-acl)#no sequence 20
R3(config-ipv6-acl)deny ipv6 host 2001:DB8:0:10::3B host 2001:DB8:A:A::19 sequence 10
D. R3(config-ipv6-acl)#no sequence 30
R3(config-ipv6-acl)deny ipv6 host 2001:DB8:0:10::3B host 2001:DB8:A:A::19 sequence 10",D,p228_img2.png,228,448.0
QUESTION 449,"QUESTION 449

Refer to the exhibit. A network is configured for EIGRP equal-cost load balancing, but the traffic destined to the servers is not load balanced. Link metrics from router
R2 to R3 and R4 are the same. Which delay value must be configured to resolve the issue?","A. 200 on R3 E0/1
B. 120 on R3 E0/1
C. 2200 on R4 E0/1
D. 120 on R4 E0/1",B,"p228_img1.png,p228_img0.png",228,449.0
QUESTION 450,"QUESTION 450

Refer to the exhibit. An engineer must connect the Reno and Detroit spokes using DMVPN phase 2. Hub tunnel configuration is:
Dallas:
interface Tunnel0
 ip address 10.0.80.1 255.255.255.0
 ip nhrp authentication cisco123
 ip nhrp map multicast dynamic
 ip nhrp network-id 5
 tunnel source Seria10/0
 tunnel mode gre multipoint
Which configuration accomplishes the task?
Detroit:
interface Tunnel0
 ip address 10.0.80.4 255.255.255.0
 ip nhrp authentication cisco123
 ip nhrp map 10.0.80.1 10.92.18.2
 ip nhrp map multicast 10.92.18.2
 ip nhrp network-id 5
 ip nhrp nhs 10.0.80.1
 tunnel source 10.7.44.2
 tunnel mode gre multipoint
B. Reno:
interface Tunnel0
 ip address 10.0.80.3 255.255.255.0
 ip nhrp authentication cisco123
 ip nhrp map broadcast 10.92.18.2
 ip nhrp map 10.0.80.1 10.92.18.2
 ip nhrp network-id 5
 ip nhrp nhs 10.0.80.1
 tunnel source 10.238.194.2
 tunnel mode gre multipoint
Detroit:
interface Tunnel0
 ip address 10.0.80.4 255.255.255.0
 ip nhrp authentication cisco123
 ip nhrp map 10.0.80.1 10.92.18.2
 ip nhrp map broadcast 10.92.18.2
 ip nhrp network-id 5
 ip nhrp nhs 10.0.80.1
 tunnel source 10.7.44.2
 tunnel mode gre multipoint
C. Reno:
interface Tunnel0
 ip address 10.0.80.3 255.255.255.0
 ip nhrp authentication cisco321
 ip nhrp map multicast 10.92.18.2
 ip nhrp map 10.0.80.1 10.92.18.2
 ip nhrp network-id 5
 ip nhrp nhs 10.0.80.1
 tunnel source 10.238.194.2
 tunnel mode gre multipoint
Detroit:
interface Tunnel0
 ip address 10.0.80.4 255.255.255.0
 ip nhrp authentication cisco321
 ip nhrp map 10.0.80.1 10.92.18.2
 ip nhrp map multicast 10.92.18.2
 ip nhrp network-id 5
 ip nhrp nhs 10.0.80.1
 tunnel source 10.7.44.2
tunnel mode gre multipoint
D. Reno:
interface Tunnel0
 ip address 10.0.80.3 255.255.255.0
 ip nhrp authentication cisco123
 ip nhrp map multicast 10.92.18.2
 ip nhrp map 10.92.18.2 10.0.80.1
 ip nhrp network-id 5
 ip nhrp nhs 10.0.80.1
 tunnel source 10.238.194.2
 tunnel mode gre multipoint
Detroit:
interface Tunnel0
 ip address 10.0.80.4 255.255.255.0
 ip nhrp authentication cisco123
 ip nhrp map 10.92.18.2 10.0.80.1
 ip nhrp map multicast 10.92.18.2
 ip nhrp network-id 5
 ip nhrp nhs 10.0.80.1
 tunnel source 10.7.44.2
 tunnel mode gre multipoint","A. Reno:
interface Tunnel0
 ip address 10.0.80.3 255.255.255.0
 ip nhrp authentication cisco123
 ip nhrp map multicast 10.92.18.2
 ip nhrp map 10.0.80.1 10.92.18.2
 ip nhrp network-id 5
 ip nhrp nhs 10.0.80.1
 tunnel source 10.238.194.2
 tunnel mode gre multipoint",A,p229_img0.png,229,450.0
QUESTION 451,"QUESTION 451
What is considered the primary advantage of running BFD?","A. reduction in time needed to detect Layer 2 switched neighbor failures
B. reduction in CPU needed to detect Layer 2 switch neighbor failures
C. reduction in CPU needed to detect Layer 3 routing neighbor failures
D. reduction in time needed to detect Layer 3 routing neighbor failures",A,,230,451.0
QUESTION 452,"QUESTION 452
The network administrator deployed the Binding Table Recovery feature. Which two devices recover the missing binding table entries? (Choose two.)","A. destination host
B. source host
C. DHCP server
D. DHCP client
E. DHCP relay agent",AC,,230,452.0
QUESTION 453,"QUESTION 453

Refer to the exhibit. Which action installs route 192.168.2.2/32 in the routing table?","A. Redistribute connected networks into BGP on the local router.
B. Configure NAT on the local router to translate private IP addresses.
C. Configure the next-hop-self attribute for the peering on the local router.
D. Configure the next-hop-self attribute for the peering on the peer router.",D,p231_img2.png,230,453.0
QUESTION 454,"QUESTION 454

Refer to the exhibit. AS 111 must not be used as a transit AS, but ISP-1 is getting ISP-2 routes from AS 111. Which configuration stops Customer AS from being used
as a transit path on ISP-1?","A. ip as-path access-list 1 permit .*
B. ip as-path access-list 1 permit ^$
C. ip as-path access-list 1 permit _111_
D. ip as-path access-list 1 permit ^111$",D,"p231_img1.png,p231_img0.png",231,454.0
QUESTION 455,"QUESTION 455

Refer to the exhibit. The route to 192.68.200_0 is flapping between R1 and R2. Which set of configuration changes resolves the flapping route?","A. R2(config)#router ospf 100
R2(config-router)#no redistribute eigrp 100
R2(config-router)#redistribute eigrp 100 metric 1 subsets
B. R1(config)#no router rip
R1(config)#ip route 192.168.200.0 255.255.255.0 10.40.0.2
C. R2(config)#router eigrp 100
R2(config-router)#no redistribute ospf 100
R2(config-router)#redistribute rip
D. R1(config)#router ospf 100
R1(config-router)#redistribute rip metric 1 metric-type 1 subnets",D,p232_img0.png,232,455.0
QUESTION 456,"QUESTION 456
Which table is used to map the packets in an MPLS LSP that exit from the same interface, via the same next hop, and have the same queuing policies?","A. LDP
B. CEF
C. RIB
D. FEC",D,,232,456.0
QUESTION 457,"QUESTION 457
The network administrator is tasked to configure R1 to authenticate telnet connections based on Cisco ISE using RADIUS. ISE has been configured with an IP
address of 192.168.1.5 and with a network device pointing towards R1 (192.168.1.1) with a shared secret password of Cisco123. If ISE is down, the administrator
should be able to connect using the local database with a username and password combination of admin/cisco123.
The administrator has configured the following on R1:

aaa new-model
!
username admin password cisco123
!
radius server ISE1
 address ipv4 192.168.1.5
 key Cisco123
!
aaa group server tacacs+ RAD-SERV
 server name ISE1
!
aaa authentication login RAD-LOCAL group RAD-SERV
ISE has gone down. The Network Administrator is not able to Telnet to R1 when ISE went down. Which two configuration changes will fix the issue? (Choose two.)","A. line vty 0 4
 login authentication RAD-SERV
B. aaa authentication login RAD-LOCAL group RAD-SERV local
C. aaa authentication login RAD-SERV group RAD-LOCAL local
D. line vty 0 4
 login authentication RAD-LOCAL
E. line vty 0 4
 login authentication default",BD,,233,457.0
QUESTION 458,"QUESTION 458

Refer to the exhibit. The administrator is troubleshooting a BGP peering between PE1 and PE3 that is unable to establish. Which action resolves the issue?","A. P2 must have a route to PE3 to establish a BGP session to PE1.
B. Ensure that the PE3 loopback address is used as a source for BGP peering to PE1.
C. Disable sending ICMP unreachables on P2 to allow PE1 to establish a session with PE3.
D. Remove the traffic filtering rules on P2 blocking the BGP communication between PE1 and PE3.",D,"p233_img0.png,p234_img1.png",233,458.0
QUESTION 459,"QUESTION 459

Refer to the exhibit. A company builds WAN infrastructure between the head office and POPs using DMVPN hub-and-spoke topology to provide end-to-end
communication. All POPs must maintain point-to-point connectivity with the head office. Which configuration meets the requirement at routers R12 and R13?
interface Tunnel0
 ip nhrp map multicast 172.16.1.11
 ip nhrp map 172.16.1.11 192.168.10.11
 ip nhrp network-id 11
 ip nhrp nhs 192.168.10.11
B. Configure routers R12 and R13 as:
interface Tunnel0
 ip nhrp map multicast 192.168.10.11
 ip nhrp map 172.16.1.11 192.168.10.11
 ip nhrp network-id 11
 ip nhrp nhs 172.16.1.11
C. R12#
interface Tunnel0
 ip nhrp map multicast 172.16.1.11
 ip nhrp map 172.16.1.11 192.168.10.11
 ip nhrp network-id 12
 ip nhrp nhs 192.168.10.11
R13#
interface Tunnel0
 ip nhrp map multicast 172.16.1.11
 ip nhrp map 172.16.1.11 192.168.10.11
 ip nhrp network-id 13
 ip nhrp nhs 192.168.10.11
D. R12#
interface Tunnel0
 ip nhrp map multicast 192.168.10.11
ip nhrp map 172.16.1.11 192.168.10.11
 ip nhrp network-id 12
 ip nhrp nhs 172.16.1.11
R13#
interface Tunnel0
 ip nhrp map multicast 192.168.10.11
 ip nhrp map 172.16.1.11 192.168.10.11
 ip nhrp network-id 13
ip nhrp nhs 172.16.1.11",A. Configure routers R12 and R13 as:,B,p234_img0.png,234,459.0
QUESTION 460,"QUESTION 460
An engineer configured VRF-Lite on a router for VRF blue and VRF red. OSPF must be enabled on each VRF to peer to a directly connected router in each VRF.
Which configuration forms OSPF neighbors over the network 10.10.10.0/28 for VRF blue and 192.168.0.0/30 for VRF red?","A. router ospf 1 vrf blue
 network 10.10.10.0 0.0.0.240 area 0 
router ospf 2 vrf red
 network 192.168.0.0 0.0.0.252 area 0
B. router ospf 1 vrf blue
 network 10.10.10.0 0.0.0.3 area 0 
router ospf 2 vrf red
 network 192.168.0.0 0.0.0.15 area 0
C. router ospf 1 vrf blue
 network 10.10.10.0 0.0.0.252 area 0 
router ospf 2 vrf red
 network 192.168.0.0 0.0.0.240 area 0
D. router ospf 1 vrf blue
 network 10.10.10.0 0.0.0.15 area 0 
router ospf 2 vrf red
 network 192.168.0.0 0.0.0.3 area 0",D,,235,460.0
QUESTION 461,"QUESTION 461

Refer to the exhibit. A network engineer receives a report that Spoke 1 users can perform bank transactions with the server located at the Center site, but Spoke 2
users cannot. Which action resolves the issue?","A. Configure encapsulation dotlq 78 on the router C interface.
B. Configure OSPFv2 on the routers B and C interfaces.
C. Configure IPv6 on the routers B and C interfaces.
D. Configure the Spoke 2 users IP on the router B OSPF domain.",C,p235_img0.png,235,461.0
QUESTION 462,"QUESTION 462

Refer to the exhibit. R2 has been receiving routes from R4 that originated outside AS300. A network engineer configured an AS-Path ACL to avoid adding these
routes to the R2 BGP table, but the routes are still present in the R2 routing table. Which action resolves the issue?","A. Replace as-path access-list 1 with the ip as-path access-list 1 permit ^300_ command.
B. Replace as-path access-list 1 with the ip as-path access-list 1 permit ^300$ command.
C. Replace as-path access-list 1 with the ip as-path access-list l permit ^300.* command.
D. Replace as-path access-list 1 with the ip as-path access-list l permit _300.* command.",B,"p236_img1.png,p236_img0.png",235,462.0
QUESTION 463,"QUESTION 463
The network administrator must implement IPv6 in the network to allow only devices that not only have registered IP addresses but are also connecting from assigned
locations. Which security feature must be implemented?","A. IPv6 Prefix Guard
B. IPv6 Snooping
C. IPv6 Router Advertisement Guard
D. IPv6 Destination Guard",A,,236,463.0
QUESTION 464,"QUESTION 464
What are the two reasons for RD and VPNv4 addresses in an MPLS Layer 3 VPN? (Choose two.)","A. They are used for a BGP session with the CE device.
B. When the PE redistributes customer routes into MP-BGP they must be unique. 
C. They are on a CE device to use for static configuration.
D. RD is prepended to each prefix to make routes unique.
E. VPN RT communities are used to identify customer unique routes.",BD,,236,464.0
QUESTION 465,"QUESTION 465

Refer to the exhibit. An administrator must upload the packages.conf file to an FTP server. However, the FTP server rejected anonymous service and required users
to authenticate. What are the two ways to resolve the issue? (Choose two.)","A. Use the copy flash:packages.conf ftp: command instead, and enter the FTP server credentials when prompted.
B. Create a user on the router matching the username and password on the FTP server and log in before attempting the copy.
C. Use the copy flash:packages.conf scp: command instead, and enter the FTP server credentials when prompted.
D. Use ip ftp username and ip ftp password configuration commands to specify valid FTP server credentials.
E. Enter the FTP server credentials directly in the FTP URL using the ftp://username:password@192.0.2.40/ syntax.",DE,p237_img1.png,236,465.0
QUESTION 466,"QUESTION 466

Refer to the exhibit. The IT router is connected with the Sales and Marketing departments. The interfaces have been assigned to their respective VRFs to keep the two
department routes isolated. Which configuration set must the IT router use for BGP to distribute routes for each department that maintains their own routing table for
network isolation?","A. router bgp 111
 address-family ipv4 vrf Marketing
  neighbor 172.16.1.2 remote-as 111
  neighbor 172.16.2.2 remote-as 111
!
 address-family ipv4 vrf Sales
  neighbor 172.16.11.2 remote-as 111
  neighbor 172.16.12.2 remote-as 111
B. router bgp 111
 address-family ipv4 vrf Marketing
  neighbor 172.16.1.2 remote-as 111
  neighbor 172.16.1.2 Route-reflector-client
  neighbor 172.16.2.2 remote-as 111
  neighbor 172.16.2.2 Route-reflector-client
!
 address-family ipv4 vrf Sales
  neighbor 172.16.11.2 remote-as 111
  neighbor 172.16.11.2 Route-reflector-client
  neighbor 172.16.12.2 remote-as 111
  neighbor 172.16.12.2 Route-reflector-client
C. router bgp 111
 neighbor 172.16.1.2 remote-as 111
 neighbor 172.16.2.2 remote-as 111
 neighbor 172.16.11.2 remote-as 111
 neighbor 172.16.12.2 remote-as 111
D. router bgp 111
 address-family ipv4 unicast
  neighbor 172.16.1.2 remote-as 111
  neighbor 172.16.2.2 remote-as 111
  neighbor 172.16.11.2 remote-as 111
  neighbor 172.16.12.2 remote-as 111",B,"p237_img0.png,p238_img1.png",237,466.0
QUESTION 467,"QUESTION 467

Refer to the exhibit An engineer must filter EIGRP updates that are received to block all 10.10.10.0/24 prefixes. The engineer tests the distribute list and finds one
associated prefix. Which action resolves the issue?","A. There is a permit in the ACL that allows this prefix into EIGRP. The ACL should be modified to deny 10.10.10.0 0.0.0.255.
B. There is a permit in the route map that allows this prefix. A deny 20 statement is required with no match condition to block the prefix.
C. There is a permit in the route map that allows this prefix. A deny 20 statement is required with a match condition to match a new ACL that denies all prefixes.
D. There is a permit in the ACL that allows this prefix into EIGRP. The ACL should be modified to deny 10.10.10.0 255.255.255.0.",A,p238_img0.png,238,467.0
QUESTION 468,"QUESTION 468

Refer to the exhibit. An engineer is trying to log in to R1 via R3 loopback address. Which action resolves the issue?","A. Remove the IPv6 traffic filter from R1, which is blocking the Telnet.
B. Add transport input SCP.
C. Add transport input none.
D. Remove the IPv6 traffic filter from Rl, which is blocking the SSH.",A,p239_img1.png,239,468.0
QUESTION 469,"QUESTION 469

Site1 must perform unequal cost load balancing toward the segments behind Site2 and Site3. Some of the routes are getting bad balanced but others are not. Which
configuration allows Site1 to load balance toward all the LAN segments of the remote routers?
router eigrp 100 
 variance 3
B. Site1
router eigrp 100 
 variance 3
C. Site2
router eigrp 100 
 variance 2
D. Site3
router eigrp 100 
 variance 2",A. Site2,B,"p239_img0.png,p240_img2.png,p240_img1.png,p240_img0.png",239,469.0
QUESTION 470,"QUESTION 470
What is the function of BFD?","A. It negotiates to the highest version if the neighbor version differs.
B. It provides uniform failure detection on the same media type.
C. It provides uniform failure detection regardless of media type.
D. It creates high CPU utilization on hardware deployments.",C,,241,470.0
QUESTION 471,"QUESTION 471
An engineer must override the normal routing behavior of a router for Telnet traffic that is destined to 10.10.10.10 from 10.10.1.0/24 via a next hop of 10.4.4.4, which is
directly connected to the router that is connected to the 10.1.1.0/24 subset. Which configuration reroutes traffic according to this requirement?","A. access-list 100 permit tcp 10.10.1.0 0.0.0.255 host 10.10.10.10 eq 23
!
route-map POLICY permit 10     
 match ip address 100
 set ip next-hop recursive 10.4.4.4
B. access-list 100 deny tcp 10.10.1.0 0.0.0.255 host 10.10.10.10 eq 23
!
route-map POLICY permit 10 
 match ip address 100
 set ip next-hop 10.4.4.4
route-map POLICY permit 20
C. access-list 100 permit tcp 10.10.1.0 0.0.0.255 host 10.10.10.10 eq 23
!
route-map POLICY permit 10 
 match ip address 100
 set ip next-hop 10.4.4.4
route-map POLICY permit 20
D. access-list 100 permit tcp 10.10.1.0 0.0.0.255 host 10.10.10.10 eq 23
!
route-map POLICY permit 10 
 match ip address 100
 set ip next-hop recursive 10.4.4.4. 
route-map POLICY permit 20",A,,241,471.0
QUESTION 472,"QUESTION 472
An administrator attempts to download the .pack NBAR2 file using TFTP from the CPE router to another device over the Gi0/0 interface. The CPE is configured as
below:

hostname CPE
ip access-list extended WAN
<…>
Remark => All UDP rules below for WAN ID: D246P42F81E36 
permit udp any eq domain any
permit udp any any eq tftp
deny udp any any
interface GigabitEthernet0/0
<…>
ip access-group WAN in
<…>
tftp-server flash:pp-adv-csr1000v-1608.2a-46-27.0.0.pack
The transfer fails. Which action resolves this issue?","A. Change the WAN ACL to permit the entire UDP destination port range.
B. Shorten the file name to the 8+3 naming convention.
C. Change the WAN ACL to permit the UDP port 69 to allow TFTP.
D. Make the permit udp any eq tftp any entry the last entry in the WAN ACL.",A,,241,472.0
QUESTION 473,"QUESTION 473

When an FTP client attempts to use passive FTP to connect to the FTP server, the file transfers fail. Which action resolves the issue?","A. Configure to permit TCP ports higher than 1023.
B. Modify traffic filter FTP-SERVER in to the outbound direction.
C. Configure active FTP traffic.
D. Modify FTP-SERVER access list to remove established at the end.",A,"p242_img1.png,p242_img0.png,p243_img1.png",242,473.0
QUESTION 474,"QUESTION 474

An administrator configured a Cisco router for TACACS authentication, but the router is using the local enable password instead. Which action resolves the issue?","A. Configure the aaa authentication login default group admin local if-authenticated command instead.
B. Configure the aaa authentication login admin group tacacs+ local enable none command instead.
C. Configure the aaa authentication login admin group tacacs+ local if-authenticated command instead.
D. Configure the aaa authentication login admin group admin local enable command instead.",D,p243_img0.png,243,474.0
QUESTION 475,"QUESTION 475

An engineer configured BGP and wants to select the path from 10.77.255.57 as the best path instead of current best path. Which action resolves the issue?","A. Configure higher MED to select as the best path.
B. Configure AS_PATH prepend for the current best path.
C. Configure lower LOCAL_PREF to select as the best path.
D. Configure AS_PATH prepend for the desired best path.",B,p244_img0.png,243,475.0
QUESTION 476,"QUESTION 476

A network administrator must block ping from user 3 to the App Server only. An inbound standard access list is applied to R1 interface G0/0 to block ping. The network
administrator was notified that user 3 cannot even ping user 9 anymore. Where must the access list be applied in the outgoing direction to resolve the issue?","A. SW1 interface G2/21
B. R2 interface G1/0
C. SW1 interface G1/10
D. R2 interface G0/0",C,p245_img1.png,244,476.0
QUESTION 477,"QUESTION 477

A network engineer must establish communication between three different customer sites with these requirements:
- Site-A: must be restricted to access to any users at Site-B or Site-C.
- Site-B and Site-C: must be able to communicate between sites and share routes using OSPF.
PE interface configuration:
interface FastEthernet0/0 
ip vrf forwarding Site-A
interface FastEthernet0/1
ip vrf forwarding SharedSites
interface FastEthernet0/2
ip vrf forwarding SharedSites
Which configuration meets the requirements?","A. PE(config)#router ospf 10 vrf Site-A
PE(config-router)#network 0.0.0.0 255.255.255.255 area 0 
PE(config)#router ospf 10 vrf SharedSites
PE(config-router)#network 0.0.0.0 255.255.255.255 area 0
B. PE(config)#router ospf 10 vrf Site-A
PE(config-router)#network 0.0.0.0 255.255.255.255 area 0 
PE(config)router ospf 20 vrf SharedSites
PE(config-router)#network 0.0.0.0 255.255.255.255 area 0
C. PE(config)#router ospf 10 vrf Site-A
PE(conftg-router)#network 0.0.0.0 255.255.255.255 area 0 
PE(config)#router ospf 20 vrf SharedSites
PE(config-router)#network 0.0.0.0 255.255.255.255 area 1
D. PE(config)#router ospf 10 vrf Site-A
PE(config-router)#network 0.0.0.0 255.255.255.255 area 0 
PE(config)#router ospf 10 vrf SharedSites
PE(config-router)#network 0.0.0.0 255.255.255.255 area 1",B,p245_img0.png,245,477.0
QUESTION 478,"QUESTION 478

The IT router has been configured with the Science VRF and the interfaces have been assigned to the VRF. Which set of configurations advertises Science-1 and
Science-2 routes using EIGRP AS 111?","A. router eigrp 1
     address-family ipv4 vrf Science autonomous-system 111
     network 192.168.1.0 
     network 192.168.2.0
B. router eigrp 111
     address-family ipv4 vrf Science
     network 192.168.1.0 
     network 192.168.2.0
C. router eigrp 111
     network 192.168.1.0 
     network 192.168.2.0
D. router eigrp 111
     address-family ipv4 vrf Science autonomous-system 1
     network 192.168.1.0 
     network 192.168.2.0",A,"p246_img0.png,p247_img1.png",246,478.0
QUESTION 479,"QUESTION 479

An engineer must configure PBR on R1 to reach to 10.2.2.0/24 via R3 AS64513 as the primary path and a backup route through default route via R2 AS64513. All
BGP routes are in the routing table of R1, but a static default route overrides BGP routes. Which PBR configuration achieves the objective?
set ip next-hop 10.3.3.1
set ip next-hop recursive 10.3.3.1
C. access-list 100 permit ip 10.1.1.0 255.255.255.0 10.2.2.0 255.255.255.0
!
route-map PBR permit 10 
 match ip address 100 
 set ip next-hop 10.3.3.1
D. access-list 100 permit ip 10.1.1.0 255.255.255.0 10.2.2.0 255.255.255.0
!
route-map PBR permit 10
 match ip address 100
 set ip next-hop recursive 10.3.3.1","A. access-list 100 permit ip 10.1.1.0 0.0.0.255 10.2.2.0 0.0.0.255
!
route-map PBR permit 10 
 match ip address 100
B. access-list 100 permit ip 10.1.1.0 0.0.0.255 10.2.2.0 0.0.0.255
!
route-map PBR permit 10
 match ip address 100",B,p247_img0.png,247,479.0
QUESTION 480,"QUESTION 480

An administrator configures a router to stop using a particular default route if the DNS server 8.8.8.8 is not reachable through that route. However, this configuration
did not work as desired and the default route still works even if the DNS server 8.8.8.8 is unreachable. Which two configuration changes resolve the issue? (Choose
two.)","A. Configure two static routes for the 8.8.8.8/32 destination to match the IP SLA probe for each ISP.
B. Associate every IP SLA probe with the proper WAN address of the router.
C. Use a separate IP SLA probe and track object for every static route.
D. Use a separate track object to reference the existing IP SLA 1 probe for every static route.
E. Reference the proper exit interfaces along with the next hops in both static default routes.",BC,p248_img0.png,248,480.0
QUESTION 481,"QUESTION 481
What is LDP label binding?","A. two routers with label distribution session
B. neighboring router with label
C. destination prefix with label
D. source prefix with label",C,,248,481.0
QUESTION 482,"QUESTION 482

The network administrator configured the Chicago router to mutually redistribute the LA and NewYork routes with OSPF routes to be summarized as a single route in
EIGRP using the longest summary mask:
router eigrp 100
 redistribute ospf 1 metric 10 10 10 10 10 
router ospf 1
 redistribute eigrp 100 subnets
interface E 0/0
 ip summary-address eigrp 100 172.16.0.0 255.255.0.0
After the configuration, the New York router receives all the specific LA routes but the summary route. Which set of configurations resolves the issue on the Chicago
router?","A. interface E 0/1
      ip summary-address eigrp 100 172.16.0.0 255.255.0.0
B. router eigrp 100
     summary-address 172.16.8.0 255.255.252.0
C. router eigrp 100
      summary-address 172.16.0.0 255.255.0.0
D. interface E 0/1
      ip summary-address eigrp 100 172.16.8.0 255.255.252.0",D,p249_img1.png,248,482.0
QUESTION 483,"QUESTION 483

An engineer must configure DMVPN Phase 3 hub-and-spoke topology to enable a spoke-to-spoke tunnel. Which NHRP configuration meets the requirement on R6?","A. Interface Tunnel 1
 ip address 192.168.1.1 255.255.255.0 
 tunnel source e 0/1
 tunnel mode gre multipoint
 ip nhrp network-id 1
 ip nhrp map 192.168.1.2 192.1.20.2
B. Interface Tunnel 1
 ip address 192.168.1.1 255.255.255.0 
 tunnel source e 0/0
 tunnel mode gre multipoint
 ip nhrp network-id 1
C. interface Tunnel1
 ip nhrp authentication Cisco123
 ip nhrp map multicast dynamic
 ip nhrp network-id 1 
 ip nhrp holdtime 300 
 ip nhrp shortcut
D. interface Tunnel1
 ip nhrp authentication Cisco123
 ip nhrp map multicast dynamic
 ip nhrp network-id 1 
 ip nhrp holdtime 300 
 ip nhrp redirect",D,p249_img0.png,249,483.0
QUESTION 484,"QUESTION 484

An engineer implemented an access list on R1 to allow anyone to Telnet except R2 Loopback0 to R1 Loopback4. How must sequence 20 be replaced on the R1
access list to resolve the issue?","A. sequence 20 deny tcp host 1001:ABC:2011:7::1 host 400A:0:400C::1 eq telnet
B. sequence 20 deny tcp host 400A:0:400C::1 host 1001:ABC:2011:7::1 eq telnet
C. sequence 20 permit tcp host 1001:ABC:2011:7::1 host 400A:0:400C::1 eq telnet
D. sequence 20 permit tcp host 400A:0:400C::1 host 1001:A8C:2011:7::1 eq telnet",A,p250_img0.png,250,484.0
QUESTION 485,"QUESTION 485

An engineer notices that R1 does not hold enough log messages to identity the root cause during troubleshooting. Which command resolves this issue?","A. (config)#logging buffered 16000 informational
B. #logging buffered 4096 critical
C. #logging buffered 16000 critical
D. (config)#logging buffered 4096 informational",A,,250,485.0
QUESTION 486,"QUESTION 486

Refer to the exhibit. The remote branch locations have a static neighbor relationship configured to R1 only. R1 has successful neighbor relationships with the remote
locations of R2 and R3, but the end users cannot communicate with each other. Which configuration resolves the issue?
R3
interface FastEthernet0/0.10
 encapsulation dot1Q
 ip address 10.10.10.3 255.255.255.0
C. R2 and R3 
interface FastEthernet0/0
 no ip split-horizon eigrp 10
D. R2
interface FastEthernet0/0.10
 encapsulation dot1Q 10
 ip address 10.10.10.2 255.255.255.0
R3
interface FastEthernet0/0.10
 encapsulation dot1Q 10
 ip address 10.10.10.3 255.255.255.0","A. R1
interface FastEthernet0/0 
 no ip split-horizon eigrp 10
B. R2
interface FastEthernet0/0.10
 encapsulation dot1Q
 ip address 10.10.10.2 255.255.255.0",A,p251_img0.png,251,486.0
QUESTION 487,"QUESTION 487
Drag and drop the operations from the left onto the locations where the operations are performed on the right.
Which are the operations of Label Switch Router (Choose two)?","A. assigns labels to unlabeled packets
B. performs penultimate hop popping
C. handles traffic between multiple VPNs    
D. reads the labels and forwards the packet based on the labels",BD,,251,487.0
QUESTION 488,,"A. assigns labels to unlabeled packets
B. performs penultimate hop popping
C. handles traffic between multiple VPNs    
D. reads the labels and forwards the packet based on the labels",AC,p252_img1.png,252,488.0
QUESTION 489,A network engineer cannot remote access R3 using Telnet from switch S1. Which action resolves the issue?,"A. Allow the inbound connection via the exec command on R3.
B. Add the transport input telnet command on R3.
C. Allow to use the ssh -l admin 10.0.0.1 command on the switch.
D. Add the login admin command on the switch.",A,"p252_img1.png,p252_img0.png",252,489.0
QUESTION 490,"QUESTION 490
What is LDP used for in an LSR?","A. to create a database of label bindings that allow for hop-by-hop forwarding
B. to communicate the routes known for a specific interface
C. to allow for a system-wide exchange of labels across MPLS network 
D. to create a label across the PE routers for end-to-end path assignment",A,,253,490.0
QUESTION 491,"QUESTION 491
Which IPv6 feature enables a device to reject traffic when it is originated from an address that is not stored in the device binding table?","A. IPv6 DAD Proxy
B. IPv6 RA Guard
C. IPv6 Source Guard
D. IPv6 Snooping",C,,253,491.0
QUESTION 492,"QUESTION 492

The primary link between R1 and R2 went down, but R3 is still advertising the 192.168.200.0/24 network to R1 and the 192.168.100.0/24 network to R2, which creates
a loop. Which action resolves the issue?","A. Configure the eigrp stub command under the EIGRP process on R2.
B. Configure the summary-address 192.168.0.0 255.255.0.0 100 command on R3.
C. Configure the eigrp stub leak-map command under the EIGRP process on R1.
D. Configure the eigrp stub command under the EIGRP process on R3.",D,p253_img0.png,253,492.0
QUESTION 493,"QUESTION 493

Which configuration command reestablishes the connectivity from 172.16.1.16/28 to the server subnet 172.16.2.16/28?","A. R1(config)#route-map ENT permit 20
B. R1(config)#access-list 20 permit 172.16.2.16 0.0.0.15
C. R3(config-router)#no eigrp stub
D. R1(config)#ip route 172.16.2.16 255.255.255.240 172.16.250.1 91",A,"p254_img2.png,p254_img1.png,p254_img0.png,p255_img1.png",253,493.0
QUESTION 494,"QUESTION 494

It was noticed that after NetFlow is configured in the router, the collector stopped receiving flow information. Which action resolves the issue?","A. Configure an IP address on the loopback2 interface to use as a source.
B. Modify the source through the ip flow-export source loopback1 command.
C. Change the IP address of the loopback 2 interface to a public IP address.
D. Apply the ip flow egress command to the loopback2 interface.",A,p255_img0.png,255,494.0
QUESTION 495,"QUESTION 495

R1 should receive 10.16.2.0/24 from R2. Which action resolves the issue?","A. Modify prefix-list seq 5 on R2 to permit 10.16.0.0/23.
B. Add prefix-list seq 1 on R1 to permit 10.16.2.0/24.
C. Add prefix-list seq 1 on R1 to permit 10.16.0.0/22.
D. Modify prefix-list seq 5 on R2 to permit 10.16.0.0/22.",D,p256_img1.png,256,495.0
QUESTION 496,"QUESTION 496

The non-area 0 routers in OSPF still receive more specific routes of 10.1.1.0, 10.1.2.0, 10.1.3.0 from area 0. Which action resolves the issue?","A. Configure the summary-address 10.1.0.0 255.255.252.0 command under OSPF process.
B. Configure route summarization on OSPF-enabled interfaces.
C. Summarize by using the summary-address 10.1.0.0 255.255.252.0 command.
D. Summarize by using the area range command on ABRs.",D,p256_img0.png,256,496.0
QUESTION 497,"QUESTION 497

R3 is learning the 1.0.0.0/24 route through OSPF instead of EIGRP. Which action causes R3 to choose EIGRP to reach the 1.0.0.0/24 network?","A. Configure OSPF administrative distance to 120.
B. Configure EIGRP administrative distance to 110.
C. Configure OSPF administrative distance to 200.
D. Configure EIGRP administrative distance to 120.",C,p257_img0.png,256,497.0
QUESTION 498,"QUESTION 498
Which characteristic is representative of a hub-and-spoke topology between PE routers in a Layer 3 MPLS VPN network?","A. The PE routers use different RTs to import and export M-BGP prefixes.
B. Each PE router uses a different RD to identify all branches.
C. The PE routers use different RDs for each VRF to import and export M-BGP prefixes.
D. The PE routers are configured with multiple VRFs for all branches.",A,"p258_img2.png,p258_img3.png,p258_img1.png",257,498.0
QUESTION 499,"QUESTION 499
How does MPLS Layer 3 VPN function?","A. When an EIGRP internal route is redistributed into BGP by one PE and then back into EIGRP by another PE, the originating router ID for the route is changed to
the router ID of the first PE.
B. When a VPN route is learned from a CE device and injected into IGP, a VPN route distinguisher attribute is associated with it.
C. When a destination PE device receives a labeled packet, it pops the label and uses it to forward the packet to the correct CE device.
D. When a PE device forwards a packet received from a CE device across the provider network, it labels the packet with the label learned from the source PE device.",C,,258,499.0
QUESTION 500,"QUESTION 500

The client received the IPv6 address from the IPv6 DHCP server but the show command does not show the IPv6 DHCP bindings on the server. Which action resolves
the issue?","A. Configure authorized DHCP servers to avoid IPv6 addresses from a rogue DHCP server.
B. Extend the DHCP lease time because R1 removed the IPv6 address earlier after the lease expired.
C. Configure H1 as the DHCP client that manually assigns the IPv6 address on interface e0/0.
D. Use the 2001:DBB:BAD:C0DE::/64 prefix for the DHCP pool on R1.",A,p258_img0.png,258,500.0
QUESTION 501,"QUESTION 501

Which configuration allows the operation level 1 team of 10 engineers to log in at least three at a time to router R3 using network credentials over HTTP?","A. R3(config)#ip http authentication aaa
R3(config)#no access-list 20 permit 172.16.10.48 0.0.0.15
R3(config)#access-list 20 permit 172.16.10.48 0.0.0.7
B. R3(config)#ip http authentication aaa
R3(config)#ip http max-connections 3
C. R3(config)#ip http max-connections 3 
R3(config)#ip http accounting commands 3 default
D. R3(config)#ip http authentication enable
R3(config)#no access-list 20 permit 172.16.10.48 0.0.0.15 
R3(config)#access-list 20 permit 172.16.10.48 0.0.0.7",B,"p259_img1.png,p259_img0.png",259,501.0
QUESTION 502,"QUESTION 502

Routers R1 and R2 exchange routes to each other's loopback through OSPF. Telnet traffic must be blocked from R2 Lo0 to R1 Lo2. Which configuration resolves the
issue?
ipv6 address AB01:2011:8:100::/64 eui-64
 ipv6 enable
 ipv6 ospf network point-to-point
 ipv6 ospf 1 area 0
 ipv6 access-class DENY_TELNET_Lo2 in
 !
ipv6 access-list DENY_TELNET_Lo2
 sequence 20 deny tcp host 100B:1:310B::1 host 200A:0:210C::1 eq telnet
permit ipv6 any any
C. R1
Interface loopback1
 no ip address
 ipv6 address 100A:0:100C::1/64
 ipv6 enable
 ipv6 ospf 1 area 0
 !
interface Loopback2
 no ip address
 ipv6 address 200A:0:200C::1/64
 ipv6 enable
 ipv6 ospf 1 area 0
 ipv6 access-class DENY_TELNET_Lo2 in
 !
interface GigabitEthernet0/0
 no ip address
 ipv6 address AB01:2011:8:100::/64 eui-64
 ipv6 enable
 ipv6 ospf network point-to-point
 ipv6 ospf 1 area 0
 !
ipv6 access-list DENY_TELNET_Lo2
 sequence 20 deny tcp host 100B:1:310B::1 host 200A:0:210C::1 eq telnet
 permit ipv6 any any
D. R1
Interface loopback1
 no ip address
 ipv6 address 100A:0:100C::1/64
 ipv6 enable
 ipv6 ospf 1 area 0
 !
interface Loopback2
 no ip address
 ipv6 address 200A:0:200C::1/64
 ipv6 enable
 ipv6 ospf 1 area 0
 !
interface GigabitEthernet0/0
 no ip address
 ipv6 address AB01:2011:8:100::/64 eui-64
 ipv6 enable
 ipv6 ospf network point-to-point
 ipv6 ospf 1 area 0
 ipv6 traffic-filter DENY_TELNET_Lo2 in
 !
ipv6 access-list DENY_TELNET_Lo2
 sequence 20 deny tcp host 100B:1:310B::1 host 200A:0:210C::1 eq telnet
 permit ipv6 any any","A. R1
Interface loopback1
 no ip address
 ipv6 address 100A:0:100C::1/64
 ipv6 enable
 ipv6 ospf 1 area 0
 !
interface Loopback2
 no ip address
 ipv6 address 200A:0:200C::1/64
 ipv6 enable
 ipv6 ospf 1 area 0
!
interface GigabitEthernet0/0
 no ip address
 ipv6 address AB01:2011:8:100::/64 eui-64
 ipv6 enable
 ipv6 ospf network point-to-point
 ipv6 ospf 1 area 0
!
ipv6 access-list DENY_TELNET_Lo2
 sequence 20 deny tcp host 100B:1:310B::1 host 200A:0:210C::1 eq telnet
 permit ipv6 any any
B. R1
Interface loopback1
 no ip address
 ipv6 address 100A:0:100C::1/64
 ipv6 enable
 ipv6 ospf 1 area 0
 !
interface Loopback2
 no ip address
 ipv6 address 200A:0:200C::1/64
 ipv6 enable
 ipv6 ospf 1 area 0
 !
interface GigabitEthernet0/0
 no ip address",D,"p260_img1.png,p260_img0.png",259,502.0
QUESTION 503,"QUESTION 503

An engineer is investigating an OSPF issue reported by the Cisco DNA Assurance Center. Which action resolves the issue?","A. One of the neighbor links is down. Bring the interface up by running shut and no shut.
B. An ACL entry blocking multicast on the interfaces. Allow multicast through the interface ACL.
C. One of the interfaces is using the wrong authentication. Match interface authentication on both links.
D. One of the interfaces is using the wrong MTU. Match interface MTU on both links.",D,p262_img0.png,261,503.0
QUESTION 504,"QUESTION 504
Which Layer 3 VPN attribute allows different customers to connect to the same MPLS network with overlapping IP ranges?","A. MP-BGP
B. RD
C. RT
D. VRF",B,,262,504.0
QUESTION 505,"QUESTION 505

An engineer must advertise LAN network 192.168.1.0 of router A to router B through OSPF. The engineer notices that router B was configured, but the LAN network of
router A is not in the routing table of router B. Which configuration on router A resolves the problem?
router ospfv3 1
 address-family ipv4 unicast
 area 1 range 192.168.1.0 255.255.255.0
 router-id 1.1.1.1
 exit-address-family
B. interface GigabitEthernet0/0/0
 ip address 192.168.1.254 255.255.255.0
 negotiation auto
 ipv6 enable
interface Serial0/0/0
 ip address 10.0.0.1 255.255.255.0
 negotiation auto
 ipv6 enable
 ospfv3 1 ipv4 area 1
router ospfv3 1
 address-family ipv4 unicast
 router-id 1.1.1.1
 exit-address-family
C. interface GigabitEthernet0/0/0
 ip address 192.168.1.254 255.255.255.0
 negotiation auto
 ipv6 enable
 ospfv3 1 ipv4 area 1
interface Serial0/0/0
 ip address 10.0.0.1 255.255.255.0
 negotiation auto
 ipv6 enable
router ospfv3 1
 address-family ipv4 unicast
 router-id 1.1.1.1
 exit-address-family
D. interface GigabitEthernet0/0/0
 ip address 192.168.1.254 255.255.255.0
 negotiation auto
 ipv6 enable
 ospfv3 1 ipv4 area 1
interface Serial0/0/0
 ip address 10.0.0.1 255.255.255.0
 negotiation auto
 ipv6 enable
 ospfv3 1 ipv4 area 1
router ospfv3 1
 address-family ipv4 unicast
 router-id 1.1.1.1
exit-address-family","A. interface Serial0/0/0
 ip address 10.0.0.1 255.255.255.0
 negotiation auto
 ipv6 enable
 ospfv3 1 ipv4 area 1",D,p263_img0.png,262,505.0
QUESTION 506,"QUESTION 506

A network engineer configured routers R1 and R2 with MP-BGP. The engineer noticed that the routers cannot exchange any IPv6 routes; however, the IPv4 neighbor
relationship is working fine. Which configuration must the engineer apply to router R2 to exchange IPv6 routes?
!
router bgp 65002
 no bgp default ipv4-unicast
 neighbor 2001:DB8:1::1 remote-as 65001
 neighbor 2001:DB8:1::1 description AS65001 ID C194:BE98:F123::5
 !
 address-family ipv4
neighbor 2001:DB8:1::1 activate","A. ipv6 unicast-routing
ipv6 cef
!
interface Loopback100
 ipv6 address 2001:DB8:128::2/128
!
interface GigabitEthernet1/0
 ipv6 address 2001:DB8:1::2/64
!
router bgp 65002
 no bgp default ipv4-unicast
 neighbor 2001:DB8:1::1 remote-as 65001
 !
 address-family ipv6
  network 2001:DB8:128::2/128
  neighbor 2001:DB8:1::1 activate
B. ipv6 unicast-routing
ipv6 cef
!
interface Loopback100
 ipv6 address 2001:DB8:128::2/128
!
interface GigabitEthernet1/0
 ipv6 address 2001:DB8:1::2/64
!
router bgp 65002
 no bgp default ipv4-unicast
 neighbor 2001:DB8:1::1 remote-as 65001
!
address-family ipv6
 network 2001:DB8:128::2/128
C. ipv6 cef
!
interface Loopback100
 ipv6 address 2001:DB8:128::2/128
!
interface GigabitEthernet1/0
 ipv6 address 2001:DB8:1::2/64
!
router bgp 65002
 no bgp default ipv4-unicast
 neighbor 2001:DB8:1::1 remote-as 65001
!
address-family ipv6
 network 2001:DB8:128::2/128
 neighbor 2001:DB8:1::1 activate
D. ipv6 unicast-routing
ipv6 cef
!
interface Loopback100
 ipv6 address 2001:DB8:128::2/128
!
interface GigabitEthernet1/0
 ipv6 address 2001:DB8:1::2/64",A,p264_img0.png,264,506.0
QUESTION 507,"QUESTION 507

Which action restores OSPF adjacency between R1 and R2?","A. Change the IP MTU of R2 Fa0/0 to 1300.
B. Change the IP MTU of R1 Fa1/0 to 1500.
C. Change the IP MTU of R1 Fa1/0 to 1300.
D. Change the IP MTU of R2 Fa0/0 to 1500.",D,p265_img1.png,265,507.0
QUESTION 508,"QUESTION 508

Router R1 peers with two ISPs using static routes to get to the Internet. The requirement is that R1 must prefer ISP-A under normal circumstances and failover to ISP-
B if the connectivity to ISP-A is lost. The engineer observes that R1 is load balancing traffic across the two ISPs. Which action resolves the issue by sending traffic to
ISP-A only with failover to ISP-B?","A. Configure two static routes on R1, one pointing to ISP-B with more specific routes and another pointing to ISP-A with summary routes.
B. Change the bandwidth of the interface on R1 so that interface to ISP-A has a higher value than the interface to ISP-B.
C. Configure two static routes on R1, one pointing to ISP-A and another pointing to ISP-B with 222 admin distance.
D. Configure OSPF between R1, ISP-A, and ISP-B for dynamic failover if any ISP link to R1 fails.",C,p265_img0.png,265,508.0
QUESTION 509,"QUESTION 509

Which action resolves the IP SLA for the UDP jitter problem between R4 and R3 Ethernet 0/1 IP addresses?","A. Delete and configure the ip sla responder command with R4 E0/1 IP address.
B. Delete and configure the ip sla 6500 command with R3 e0/1 IP address.
C. Configure the ip sla 6500 command with R3 e0/1 IP address.
D. Configure the ip sla responder command with R4 E0/1 IP address.",C,p266_img1.png,266,509.0
QUESTION 510,"QUESTION 510

Which action allows the engineer to successfully copy running-config to the TFTP server?","A. Add a route in the switch to the TFTP server.
B. Use file name Switch-confg.txt.
C. Add the TFTP server configuration in the switch.
D. Use TFTP server IP address 10.0.1.1.",A,p266_img0.png,266,510.0
QUESTION 511,"QUESTION 511

The router is redistributing a prefix 172.16.10.0/24 that should have been filtered. Which action resolves the issue?","A. Match the tag 666 for the route in the route map.
B. Add the route in access-list 10.
C. Remove route-map sequence 20.
D. Permit the route in route-map sequence 20.",C,p267_img0.png,267,511.0
QUESTION 512,"QUESTION 512

Router R2 VLAN 10 users cannot get dynamic IP addresses from R1. Which action resolves the issue?","A. Expand the address scope of VLAN 10.
B. Configure the IP helper feature on the Interface GigabitEthernet 0/2 of router R2.
C. Eliminate the port security feature on the ports of switch SW2.
D. Identify the host with the duplicate IP address.",B,"p268_img1.png,p268_img0.png",267,512.0
QUESTION 513,"QUESTION 513
Which two features are required for MPLS forwarding on which types of routers? (Choose two.)","A. CEF on PE and CE routers
B. LDP on PE and CE routers
C. MPLS on PE and core routers
D. MPLS on CE and core routers
E. LDP on PE and core routers",CE,,268,513.0
QUESTION 514,"QUESTION 514
A newly installed router starts establishing an LDP session from another MPLS router to which it is not directly connected. Which LDP message type responds by
target router to the initiating router using UDP protocol?","A. advertisement message
B. notification message
C. extended discovery message
D. session message",C,,268,514.0
QUESTION 515,"QUESTION 515

Which configuration resolves the issue?","A. int GigabitEthernet 2
 ip ospf key 1 cisco
 ip ospf authentication
B. router ospf 1
 area 1 authentication message-digest
int GigabitEthernet 2
 ip ospf message-digest-key 1 md5 cisco
C. key chain ospf
 key 1
  key-string 7 01041C321954
   cryptographic-algorithm hmac-sha-1
interface GigabitEthernet2
 ip ospf authentication key-chain ospf
D. int GigabitEthernet 2
 ip ospf message-digest-key 1 md5 cisco
 ip ospf authentication message-digest",C,"p269_img1.png,p269_img0.png",269,515.0
QUESTION 516,"QUESTION 516

User IP phone receives the IP address but does not register to the call manager. Which command in ip dhcp pool VLAN200_USER_VOICE resolves the issue?","A. option 160 ip 10.221.10.10
B. option 15 ip 10.221.10.10
C. option 150 ip 10.221.10.10
D. option 117 ip 10.221.10.10",C,p270_img1.png,269,516.0
QUESTION 517,"QUESTION 517
What is an advantage of MPLS Layer 3 VPN deployment?","A. Planning and modifications are required for the customer Intranet before migrating to Layer 3 VPN.
B. Scalable VPNs are created using connection-oriented, point-to-point, or multipoint overlay connections.
C. QoS provides performance with policy and support for a best-effort service level in an MPLS VPN.
D. Security is provided at the edge of the provider network through encryption.",C,p270_img0.png,270,517.0
QUESTION 518,"QUESTION 518
Which feature is used by LDP in the forwarding path within the MPLS cloud?","A. IP forwarding
B. LSP
C. TDP
D. TTL",B,,271,518.0
QUESTION 519,"QUESTION 519

The security department recently installed a monitoring device between routers R3 and R5, which caused a loss of network connectivity for users connected to R5.
Troubleshooting revealed that the monitoring device cannot forward multicast packets. The team already updated R5 with the correct configuration. Which
configuration must be implemented on R3 to resolve the problem by ensuring R3 as the DR for the R3-R5 segment?
ip ospf priority 0
!
router ospf 10
 router-id 10.10.3.255
 neighbor 10.99.53.2
!
access-list 122 permit 88 host 10.99.53.2 host 10.99.53.1 
access-list 122 deny 88 any any
access-list 122 permit tcp any any
access-list 122 permit udp any any
access-list 122 permit icmp any any","A. interface FastEthernet0/0
 ip address 10.99.53.1 255.255.255.252 
 ip access-group 122 in
 ip ospf network non-broadcast
 ip ospf priority 0
!
router ospf 10
 router-id 10.10.3.255
 network 10.99.53.0 0.0.0.3 area 0 
 neighbor 10.99.53.2
!
access-list 122 permit 89 host 10.99.53.2 host 10.99.53.1 
access-list 122 deny 89 any any
access-list 122 permit tcp any any
access-list 122 permit udp any any
access-list 122 permit icmp any any
B. interface FastEthernet0/0
 ip address 10.99.53.1 255.255.255.252
 ip access-group 122 in
 ip ospf network non-broadcast
 ip ospf priority 100
!
router ospf 10
 router-id 10.10.3.255
 network 10.99.53.0 0.0.0.3 area 0
 neighbor 10.99.53.2
!
access-list 122 permit 89 host 10.99.53.2 host 10.99.53.1
access-list 122 deny 89 any any
access-list 122 permit tcp any any
access-list 122 permit udp any any
access-list 122 permit icmp any any
C. interface FastEthernet0/0
 ip address 10.99.53.1 255.255.255.252
 ip access-group 122 in
 ip ospf network point-to-point
 ip ospf priority 100
!
router ospf 10
 router-id 10.10.3.255
 network 10.99.53.0 0.0.0.3 area 0
 neighbor 10.99.53.2
!
access-list 122 permit 88 host 10.99.53.2 host 10.99.53.1
access-list 122 deny 88 any any
access-list 122 permit tcp any any
access-list 122 permit udp any any
access-list 122 permit icmp any any
D. interface FastEthernet0/0
 ip address 10.99.53.1 255.255.255.252 
 ip access-group 122 in
 ip ospf network non-broadcast",B,p271_img0.png,271,519.0
QUESTION 520,"QUESTION 520

Which configuration command establishes an EIGRP neighbor adjacency between the hub and spoke?","A. connected 10.1.2.192 command on spoke router
B. neighbor 10.1.2.192 command on hub router
C. eigrp-peer 10.1.2.192 command on the hub router
D. network 10.1.2.192 command on spoke router",B,p272_img0.png,272,520.0
QUESTION 521,"QUESTION 521
What is the failure detection time with BFD?","A. 1 second
B. 3 seconds
C. 2 seconds
D. less than a second",D,,272,521.0
QUESTION 522,"QUESTION 522

R1 lost its directly connected EIGRP peer 172.16.33.2 (SW1). Which configuration resolves the issue?","A. key chain EIGRP
 key 1
  key-string Cisco
!
interface GigabitEthernet 2.10
 ip authentication mode eigrp 88 md5
 ip authentication key-chain eigrp 88 EIGRP
B. key chain EIGRP
 key 1
  key-string Cisco
!
interface GigabitEthernet 2
 ip authentication mode eigrp 88 md5
 ip authentication key-chain eigrp 88 Cisco
C. key chain EIGRP
 key 1
  key-string Cisco
!
interface GigabitEthernet 2
 ip authentication mode eigrp 88 md5
 ip authentication key-chain eigrp 88 EIGRP
D. key chain EIGRP
 key 1
  key-string Cisco
!
interface GigabitEthernet 2.10
 ip authentication mode eigrp 88 md5
 ip authentication key-chain eigrp 88 Cisco",A,p273_img0.png,272,522.0
QUESTION 523,"QUESTION 523

Which configuration resolves the route filtering issue on R1 to redistribute all the routes except 172.16.2.48/28?","A. R1(config)#route-map CCNP deny 10
R1(config-route-map)#no match route-type local
R1(config-route-map)#match route-type external
R1(config)#route-map CCNP permit 20
B. R1(config)#route-map CCNP deny 10
R1(config-route-map)#no match route-type local
R1(config-route-map)#match route-type level-2
R1(config)#route-map CCNP permit 20
C. R1(config)#route-map CCNP deny 10
R1(config-route-map)#no match route-type local
R1(config-route-map)#match route-type external type-2
R1(config)#route-map CCNP permit 20
D. R1(config)#route-map CCNP deny 10
R1(config-route-map)#no match route-type local
R1(config-route-map)#match route-type external type-1
R1(config)#route-map CCNP permit 20",A,"p274_img1.png,p274_img0.png,p275_img0.png",273,523.0
QUESTION 524,"QUESTION 524
Which two reasons would cause an LSP to break between two PE routers? (Choose two.)","A. MPLS not enabled
B. matching labels
C. lost LDP adjacency 
D. IGP hello adjacency
E. prefix mismatch",CE,,275,524.0
QUESTION 525,"QUESTION 525
What is the function of penultimate hop popping?","A. The transport label is popped off at the egress LSR, and unlabeled traffic is forwarded toward the CE.
B. The last P router in the path pops off the transport label before traffic is forwarded toward the PE.
C. The VPN label is popped off at the egress LSR, and unlabeled traffic is forwarded toward the CE.
D. The second to last P router in the path pops off the VPN label before traffic is forwarded to the last P router.",B,,275,525.0
QUESTION 526,"QUESTION 526
Which two technologies optimize MPLS infrastructure using bandwidth protection services when expenencing slow response? (Choose two.)","A. SD-MPLS
B. Fast-Reroute
C. VPLS
D. MPLS OAM
E. IP LFA",BE,,275,526.0
QUESTION 527,The engineer is trying to transfer the new IOS file to the router R3 but is getting an error. Which configuration achieves the file transfer?,"A. R4(config)#no access-list 120 permit udp host 172.16.1.2 host 172.16.2.19 eq 69
R4(config)#no access-list 120 deny udp any any eq tftp
R4(config)#access-list 120 permit tcp any any
B. R4(config)#no access-list 120 permit udp host 172.16.1.2 host 172.16.2.19 eq 69
R4(config)#access-list 120 permit udp host 172.16.1.17 host 172.16.2.19 eq 69
R4(config)#access-list 120 permit tcp any any
C. R4(config)#no access-list 120 permit udp host 172.16.1.2 host 172.16.2.19 eq 69
R4(config)#access-list 120 permit tcp host 172.16.1.17 host 172.16.2.19 eq 69
R4(config)#access-list 120 permit tcp any any
D. R4(config)#no access-list 120 permit udp host 172.16.1.2 host 172.16.2.19 eq 69 
R3(config)#no ip tftp source-interface GigabitEthernet0/3",B,"p276_img2.png,p276_img1.png,p276_img0.png,p277_img0.png",276,527.0
QUESTION 528,"QUESTION 528

Spoke routers do not learn about each other's routes in the DMVPN Phase2 network. Which action resolves the issue?","A. Configure a static route in each spoke to establish a spoke-to-spoke tunnel.
B. Rectify incorrect wildcard mask configured on the hub router network command.
C. Remove default route from spoke routers to establish a spoke-to-spoke tunnel.
D. Disable EIGRP split honzon on the Tunnel0 interface of the hub router.",D,p278_img2.png,277,528.0
QUESTION 529,"QUESTION 529

Router R4 is configured correctly with default OSPF values. A network engineer configured R7 for OSPF. R7 must not be elected as a DR for the segment between
R4-R7. The adjacency between R4 and R7 failed to form. Which configuration resolves the issue?","A.
B.
C.
D.",C,"p278_img1.png,p278_img0.png,p279_img3.png,p279_img2.png,p279_img1.png",278,529.0
QUESTION 530,"QUESTION 530
An engineer configured a router with this configuration:

The router console starts receiving log message “%SEC-6-IPACCESSLOGP: list DENY_TELNET denied tcp192.168.1.10(10222) (FastEthernet1/0 E416.98ac.116e) -
>192.168.2.20(23), 1 packet”. Which action stops messages on the console while still denying Telnet?","A. Remove log-input keyword from the access list.
B. Configure a 20 permit ip any any log-input command.
C. Configure a 20 permit ip any any command.
D. Replace log-input keyword with the log keyword in the access list.",A,p279_img0.png,279,530.0
QUESTION 531,"QUESTION 531
What are the two major components of an MPLS-based VPN? (Choose two.)","A. VPN route distinguisher
B. MP-BGP peering of VPN community CE devices
C. MP-BGP peering of VPN community P devices
D. MP-BGP peering of VPN community PE devices
E. VPN route target communities
F. VPN route reflectors",DE,,279,531.0
QUESTION 532,"QUESTION 532

R1 is not forming adjacency on a point-to-point interface. Which action resolves the issue?","A. The area numbers must be configured the same on each router.
B. The area types must be configured the same on each router.
C. The no-summary command must be included in the area configuration on R2.
D. The no-summary command must be included in the area configuration on R1.",B,p280_img2.png,279,532.0
QUESTION 533,"QUESTION 533
How are LDP neighbors discovered?","A. Broadcasts hellos are sent to the 255.255.255.255 broadcast address
B. Unicast hellos are sent to directly connected neighbors IP addresses
C. Multicast hellos are sent to the 224.0.0.5 group address
D. Multicast hellos are sent to the 224.0.0.2 group address",D,,280,533.0
QUESTION 534,"While troubleshooting an issue on the network, an engineer notices that a TCP Connect operation failed on port 3000 between R101 and R201. Which command must
be configured on R201 to respond to the R101 IP SLA configurations with a control connection on UDP port 1967?","A.  ip sla responder tcp-connect ipaddress 2.2.2.2 port 3001
B.  ip sla responder
C.  ip sla responder tcp-connect ipaddress 1.1.1.1 port 3000
D. ip sla responder udp-echo ipaddress 1.1.1.1 port 1967",B,"p280_img1.png,p280_img0.png",280,534.0
QUESTION 535,"QUESTION 535

Which configuration is required for R2 to get the IP address from the DHCP server.","A. ip access-list extended R2WAN
permit tcp any any eq 68
B. ip access-list extended R2WAN
permit udp any any eq 67
C. interface GigabitEthernet0/0
ip access-group R2WAN out
D. ip access-list extended R2WAN
permit udp any any eq 68",D,p281_img1.png,281,535.0
QUESTION 536,,"A. It advertises labels to peers only when the peer requests.
B.
It sends a unicast hello message to a specific LSR.
C.
It sends a unicast hello message to a specific LER.
D. It advertises labels to peers without peer request.",D,p281_img0.png,281,536.0
QUESTION 537,"QUESTION 537

Users on a call center report that they cannot browse the internet on Saturdays during the afternoon. Which configuration resolves the issue?","A. time-range timer
no periodic weekend 9:00 to 17:00
periodic weekend 17:00 to 23:59
B. no time-range timer
C. interface gig0/0
ip access-group NO_Internet out
D.  ip access-list extended NO_Internet
15 permit tcp any any eq www",A,p282_img0.png,282,537.0
QUESTION 538,"QUESTION 538

An engineer configured user login based on authentication database on the router, but no one can log into the router. Which configuration resolves the issue?","A. aaa authentication login default local
B. aaa authorization network default local
C. aaa authentication login default enable
D. aaa authorization exec default local",A,p283_img1.png,282,538.0
QUESTION 539,"QUESTION 539

The 130.130.130.0/24 route shows in the R2 routing table but is getting filtering toward R3. Which action resolves the issue?","A. Automatic route summarization must be enabled on R2.
B. The outgoing filter list for all interfaces must be set on R2.
C. The incoming filter list for all interfaces must be set on R2.
D.  IGP synchronization must be disabled on R2.",D,p283_img0.png,283,539.0
QUESTION 540,"QUESTION 540

R2 can reach Loopback222, but R1, SW1, and PC1 cannot communicate with 172.16.222.254. R1 and R2 configurations are shown here:
Which EIGRP configuration command resolves the issue?","A. R1(config-router)# redistribute static
B. R2(config-router)# redistribute static
C. R1(config-router)# network 172.16.222.254 0.0.0.0
D. R1(config-router)# network 172.16.222.254 255.255.255.255",B,"p284_img2.png,p284_img1.png",284,540.0
QUESTION 541,"QUESTION 541

Traffic from R3 to the central site does not use alternate paths when R3 cannot reach 10.10.10.2. Traffic on R3 destined to R4 takes an alternate route via 10.10.10.6
when 10.10.10.4 is not accessible from R3. Which configuration switches traffic destined to 10.10.10.2 from R3 on the alternate path?","A. R3(config)#ip route 192.168.10.1 255.255.255.255 10.10.10.2 track 20
B. R6(config)#ip route 10.10.10.3 255.255.255.255 10.0.0.30
C. R3(config)#track 20 ip sla 20 reachability
D. R2(config)#ip route 10.10.10.3 255.255.255.255 10.0.0.6",A,p284_img0.png,284,541.0
QUESTION 542,"QUESTION 542

The IT manager received reports from users about slow applications through network x. Which action resolves the issue?","A. Upgrade the IOS on router E.
B. Move the servers into the users subnet.
C.  Increase the bandwidth from the service provider.
D. Use the variance 2 command to enable load balancing.",D,p285_img0.png,285,542.0
QUESTION 543,"QUESTION 543
What is a limitation of IPv6 RA Guard?","A. It does not offer protection in environments where IPv6 traffic is tunneled.
B.  It cannot be configured on a switch port interface in the ingress direction.
C. Packets that are dropped by IPv6 RA Guard cannot be spanned.
D.  It is not supported in hardware when TCAM is programmed.",A,,285,543.0
QUESTION 544,"QUESTION 544

How is the LDP router ID used in an MPLS network?","A. The force keyword changes the router ID to the specified address without causing any impact.
B. The loopback with the highest IP address is selected as the router ID.
C. The MPLS LDP router ID must match the IGP router ID.
D.  If not configured, the operational physical interface is chosen as the router ID even if a loopback is configured.",B,,285,544.0
QUESTION 545,"QUESTION 545

Which set of commands restore reachability to loopback0?","A. interface loopback0 
   ip address 4.4.4.4 255.255.255.0 
   ip ospf network point-to-point
B.  interface loopback0 
   ip address 4.4.4.4 255.255.255.0 
   ip ospf interface area 10
C. interface loopback0 
   ip address 4.4.4.4 255.255.255.0 
   ip ospf network broadcast
D. interface loopback0 
   ip address 4.4.4.4 255.255.255.0 
   ip ospf interface type network",A,p286_img0.png,286,545.0
QUESTION 546,"QUESTION 546

The EIGRP neighborship between the routers is up. However. the app servers are unreachable from the client PC. Which action must the engineer take to resolve the
issue?","A.  Configure the network 10.1.1.0 command in the EIGRP protocol on R1 only
B. Configure the neighbor 10.1.2.0 FastEthernet 0/0 command in the EIGRP protocol on R2 only
C. Configure the no auto-summary command in the EIGRP protocol on both routers
D. Configure the default network 10.1.2.0.0.0.0.255 command in the EIGRP protocol on R2 only",C,"p287_img3.png,p287_img2.png",286,546.0
QUESTION 547,"QUESTION 547

Which action resolves the issue?","A. Upgrade the hardware to increase the interface input buffers
B. Implement traffic policing to prevent the interface input traffic being exceeded
C. Resolve the misconfigured QoS parameters
D. Replace the faulty cable",D,"p287_img1.png,p287_img0.png",287,547.0
QUESTION 548,"QUESTION 548

The engineer is reviewing the logs on the DENVER router and notices that this error message repeats constantly Jun 12 13:42:03.399: %TCP-6-BADAUTH: No MD5
digest from 10.40.1.1(27174) to 10.40.1.2(179) tableid - 0
Which action resolves the issue?","A. Configure BGP authentication on the router with IP address 10.40.1.2
B. Configure OSPF link authentication on the router with IP address 10.40.1.1 
C. Configure NTP authentication on the router with IP address 10.40.1.1
D.  Configure BGP authentication on the router with IP address 10.40.1.1",D,p288_img1.png,288,548.0
QUESTION 549,"QUESTION 549

After an engineer configured a new cisco router as a DHCP server, users reported two primary issues:
   - Devices in the HR subnet have intermittent connectivity problems
   - Workstations in the LEGAL subnet cannot obtain IP addresses
Which configurations must the engineer apply to ROUTER_1 to restore connectivity for the affected devices?
ip dhcp pool HR
    network 192.168.5.0 255.255.255.0
    default-router 192.168.5.10
B.  interface GigabitEthernet0/0.5
    encapsulation dot1Q 5
    ip address 192.168.5.10 255.255.255.0
    ip helper-address 192.168.39.100
  !
  interface GigabitEthernet0/0.80
    encapsulation dot1Q 80
    ip address 192.168.80.10 255.255.255.128
    ip helper-address 192.168.39.100
  !
  ip dhcp excluded-address 192.168.80.1 192.168.80.10
  !
  ip dhcp pool LEGAL
    network 192.168.80.0 255.255.255.128
default-router 192.168.80.10
  !
  ip dhcp pool HR
   network 192.168.5.0 255.255.255.0
default-router 192.168.5.10
C.  interface GigabitEthernet0/0.5
    encapsulation dot1Q 5
    ip address 192.168.5.10 255.255.255.0
    ip helper-address 192.168.93.100
  !
  interface GigabitEthernet0/0.80
    encapsulation dot1Q 80
    ip address 192.168.80.10 255.255.255.128
    ip helper-address 192.168.39.100
  !
  ip dhcp excluded-address 192.168.5.1 192.168.5.1
  ip dhcp excluded-address 192.168.80.1 192.168.80.10
  !
  ip dhcp pool LEGAL
   network 192.168.80.0 255.255.255.128
   default-router 192.168.80.10
  !
  ip dhcp pool HR
    network 192.168.5.0 255.255.255.0
    default-router 192.168.5.10
D.  interface GigabitEthernet0/0.5
    encapsulation dot1Q 5
    ip address 192.168.5.10 255.255.255.0
    ip helper-address 192.168.39.100
  !
  interface GigabitEthernet0/0.80
    encapsulation dot1Q 80
    ip address 192.168..80.10 255.255.255.128
    ip helper-address 192.168.39.100
  !
  ip dhcp excluded-address 192.168.5.1 192.168.5.5
  ip dhcp excluded-address 192.168.80.1 192.168.80.110
  !
  ip dhcp pool LEGAL
    network 192.168.80.0 255.255.255.128
    default-router 192.168.80.10
  !
  ip dhcp pool HR
    network 192.168.5.0 255.255.255.0
    default-router 192.168.5.10","A.  interface GigabitEthernet0/0.5
     encapsulation dot1Q 5
     ip address 192.168.5.10 255.255.255.0 
     ip helper-address 192.168.39.100
   !
   interface GigabitEthernet0/0.80
     encapsulation dot1Q 80
     ip address 192.168.80.10 255.255.255.128 
     ip helper-address 192.168.39.100
   !
   ip dhcp excluded-address 192.168.5.1 192.168.5.10 
   ip dhcp excluded-address 192.168.80.1 192.168.80.10
   !
   ip dhcp pool LEGAL
     network 192.168.80.0 255.255.255.128
     default-router 192.168.80.10",A,p288_img0.png,288,549.0
QUESTION 550,"QUESTION 550
What is a function of IPv6 ND inspection?","A. It learns and secures bindings for stateless autoconfiguration addresses in Layer 2 neighbor tables
B. It learns and secures bindings for stateful autoconfiguration address in Layer 2 neighbor tables
C. It learns and secures bindings for stateless autoconfiguration addresses in Layer 3 neighbor tables
D. It learns and secures bindings for stateful autoconfiguration addresses in Layer 3 neighbor tables",A,,289,550.0
QUESTION 551,"QUESTION 551

The default route from R1 must be withdrawn from the routing table if R1 cannot ping 10.1.1.1, but it is not working correctly. Which configuration resolves the issue?","A. ip sla 2
icmp-echo 10.1.1.1
timeout 3000
threshold 1000
frequency 5
!
ip sla schedule 2 life forever start-time now
!
track 2 ip sla 200 reachability
 delay down 30 up 180
!
ip route 0.0.0.0 0.0.0.0 10.1.1.1 track 2 250
B. ip sla 2
icmp-echo 10.1.1.1
timeout 3000
threshold 1000
frequency 5
   !
   track 2 ip sla 2 reachability 
    delay down 30 up 180
   !
   ip route 0.0.0.0 0.0.0.0 10.1.1.1 track 2
C. ip sla 2
icmp-echo 10.1.1.1
timeout 3000
threshold 1000
frequency 5
!
ip sla schedule 2 life forever start-time now
!
track 2 ip sla 2 reachability
 delay down 30 up 180
!
ip route 0.0.0.0 0.0.0.0 10.1.1.1 track 2
D. ip sla 2
icmp-echo 10.1.1.1
timeout 3000
threshold 1000
frequency 5
!
ip sla schedule 2 life forever start-time now
!
track 2 ip sla 200 reachability
 delay down 30 up 180
!
ip route 0.0.0.0 0.0.0.0 10.1.1.1",C,p290_img0.png,289,551.0
QUESTION 552,"QUESTION 552

An engineer implements uRPF to increase security and stop incoming spoofed IP packets. Same asymmetrically routed packets are also blocked after the
configuration. Which command resolves the issue?","A.  ip verify unicast source reachable-via any
B.  ip verify unicast source reachable-via rx
C. ip verify unicast reverse-path
D.  ip verify unicast reverse-path any",A,p291_img1.png,290,552.0
QUESTION 553,"QUESTION 553
How do devices operate in MPLS L3VPN topology?","A. CE routers connect to the provider network and perform LSP functionality
B. P and associated PE routers with IGP populate the VRF table in different VPNs
C. P routers support PE to PE VPN tunnel without LSP functionality
D. P routers provide connectivity between PE devices with MPLS switching",D,,291,553.0
QUESTION 554,"QUESTION 554

A CoPP policy is implemented to allow specific control traffic, but the traffic is not matching as expected and is getting unexpected behavior of control traffic. Which
action resolves the issue?","A. Use match-any instruction in class-map.
B.  Create a separate class map against each ACL.
C. Create a separate class map for ICMP traffic.
D. Use default-class to match ICMP traffic.",A,p291_img0.png,291,554.0
QUESTION 555,"QUESTION 555
Which tag is used by the PE router to forward the packet to the correct customer?","A. Extended-community
B. VNI
C. RT
D. RD",B,,292,555.0
QUESTION 556,,"A. router eigrp 100
  eigrp stub connected
B. router eigrp 100
  eigrp stub
C. router eigrp 100
  eigrp stub summary
D. router eigrp 100
  eigrp stub redistribute",B,p292_img0.png,292,556.0
QUESTION 557,"QUESTION 557

Which configuration resolves the IP SLA issue from R1 to the server?","A. R6(config)#ip sla responder
B. R6(config)#ip sla 650 
  R6(config-ip-sla)#udp-jitter 10.60.60.6
C. R6(config)#ip sla responder udp-echo ipaddress 10.60.60.6 po 5000
D. R6(config)#ip sla schedule 10 life forever start-time now",A,p293_img2.png,292,557.0
QUESTION 558,"QUESTION 558

Jitter on the link between R101 and R201 was tested for voice traffic over port 16384 without the control communication on port 1967. Which command enables R201
to receive RTT for the configured IP SLA?","A.  ip sla responder tcp-connect port 1967
B. ip sla responder udp-echo ipaddress 2.2.2.2 port 16384
C. ip sla responder udp-echo ipaddress 1.1.1.1 port 16384
D. ip sla responder auto-register 1.1.1.1",B,"p293_img1.png,p293_img0.png",293,558.0
QUESTION 559,"QUESTION 559

An engineer recently implemented uRPF by configuring the ip verify unicast source reachable-via rx command on interface gi0/3. The engineer noticed right after
implementing uRPF that an inbound packet on the gi0/3 interface with a source address of 172.16.3.251 was dropped. Which action resolves the issue?","A. Configure uRPF loose mode to forward the packet.
B. Permit the 172.16.3.251 in the inbound ACL on interface gi0/3.
C. Remove inbound ACL from the interface gi0/3 to allow 172.16.3.251.
D. Configure uRPF strict mode to forward the packet.",A,p294_img2.png,293,559.0
QUESTION 560,"QUESTION 560

An engineer recently modified the configuration for area 3 to accept only type 1, 2, and 3 LSAs. Immediately after the changes, users connected to router R6 began to
report connectivity issues. Which configuration restores connectivity to R6 and meets the requirement?","A.
B.
C.
D.",D,"p294_img1.png,p294_img0.png,p295_img2.png,p295_img1.png,p295_img0.png",294,560.0
QUESTION 561,"QUESTION 561
Which routing protocol is used by the PE router to advertise routes to a CE router without redistribution or static after removing the RD tag from the P router?","A. OSPF
B. BGP IPv4
C. IS-IS
D. MP-BGP",B,,295,561.0
QUESTION 562,"QUESTION 562

A network administrator configured NetFlow data but the data is not visible at the NetFlow collector. Which configuration allows the router to send the records?","A. Configure a different interface to send the records.
B. Configure the management interface in the global routing table to send the records.
C. Configure the NetFlow collector to listen at export-protocol netflow-v5.
D. Rectify NetFlow collector reachability from the management interface.",A,"p296_img1.png,p296_img0.png",295,562.0
QUESTION 563,"QUESTION 563

An engineer is troubleshooting a routing loop on the network to reach the 172.16 3.0/16 from the OSPF domain. Which configuration on router R1 resolves the issue?","A.
B.
C.
D.",D,"p297_img5.png,p297_img4.png,p297_img3.png,p297_img2.png,p297_img1.png,p297_img0.png",296,563.0
QUESTION 564,"QUESTION 564

An engineer notices a connectivity problem between routers R1 and R2. The frequency of this problem is high during peak business hours. Which action resolves the
issue?","A. Increase the available bandwidth between R1 and R2.
B. Decrease the EIGRP keepalive and hold down timers on R1 and R2.
C. Increase the MTU on the interfaces that connect R1 and R2.
D. Set static EIGRP neighborship between R1 and R2.",A,p298_img1.png,298,564.0
QUESTION 565,"QUESTION 565

The engineer configured route redistribution in the network but soon received reports that R2 cannot access 192.168.7.0/24 and 192.168.15.0/24 subnets. Which
configuration resolves the issue?","A.
B.
C.
D.",B,"p298_img0.png,p299_img4.png,p299_img3.png,p299_img2.png,p299_img1.png,p299_img0.png",298,565.0
QUESTION 566,"QUESTION 566

Router R1 (head office) is not always preferred for all users to access hosting services R1 should be primary, and the DR site should only be used if router R1 or its
uplink fails.
Which configuration resolves the issue?","A.
B.
C.
D.",A,"p300_img4.png,p300_img3.png,p300_img2.png,p300_img1.png,p300_img0.png",300,566.0
QUESTION 567,"QUESTION 567
Which control plane process allows the MPLS forwarding state to recover when a secondary RP takes over from a failed primary RP?","A. LDP uses SSO to recover from disruption in control plane service.
B. MP-BGP uses control plane services for label prefix bindings in the MPLS forwarding table.
C. FEC uses a control plane service to distribute information between primary and secondary processors.
D. LSP uses NSF to recover from disruption in control plane service.",D,,301,567.0
QUESTION 568,"QUESTION 568
What is a MPLS PHP label operation?","A. Downstream node signals to remove the label.
B.  It uses implicit-NULL for traffic congestion from source to destination forwarding.
C. PE removes the outer label before sending to the P router.
D.  It improves P router performance by not performing multiple label lookup.",A,,301,568.0
QUESTION 569,"QUESTION 569

An engineer configures router A to mark all inside to outside traffic from network 192.168.1.0. except from host 192.168.1.1. with critical IP precedence. The policy did
not work as expected. Which configuration resolves the issue?","A.
B.
C.
D.",D,"p301_img0.png,p302_img4.png,p302_img3.png,p302_img2.png,p302_img1.png",301,569.0
QUESTION 570,"QUESTION 570

EIGRP adjacency between router A and router C is not working as expected. Which two configurations resolve the issue? (Choose two.)","A.
B.
C.
D.
E.",CD,"p302_img0.png,p303_img5.png,p303_img4.png,p303_img3.png,p303_img2.png,p303_img1.png",302,570.0
QUESTION 571,"QUESTION 571

HostA and HostB cannot receive IP addresses from the DHCP server. The switches are configured with the DHCP snooping. Which configuration on SW3 resolves
the issue?","A. ip dhcp relay information option-insert
B. no ip dhcp snooping information option
C. ip dhcp server use subscriber-id client-id
D. ip helper-address 1.0.0.2",B,"p303_img0.png,p304_img2.png",303,571.0
QUESTION 572,"QUESTION 572
Drag and drop the terminology from the left onto the corresponding definitions on the right.

Select and Place:",,A,"p304_img1.png,p304_img0.png",304,572.0
QUESTION 573,"QUESTION 573
Which two label distribution methods are used by routers in MPLS? (Choose two)","A. Downstream unsolicited
B. LDP session protection message
C. LDP discovery hello message
D. Downstream on demand
E. Targeted hello message",AD,,304,573.0
QUESTION 574,"QUESTION 574

An engineer must ensure that R3 sees only type 1 and 2 LSAs in area 1. Which command must the engineer apply on R2?","A. area 1 nssa no-summary
B. area 1 stub
C. area 1 stub nssa
D. area 1 stub no-summary",D,p305_img2.png,305,574.0
QUESTION 575,"QUESTION 575

An OSPF neighbor relationship between R2 and R3 is showing stuck in EXCHANGE/EXSTART state. The neighbor is established between R1 and R2. The network
engineer can ping from R2 to R3 and vice versa, but the neighbor is still down. Which action resolves the issue?","A. Administrative “shut then no shut” both router interfaces.
B. Enable OSPF on the interface, which is required.
C. Restore the Layer 2/Layer 3 connectivity issue in the ISP network.
D. Match MTU on both router interfaces or ignore MTU.",D,p305_img1.png,305,575.0
QUESTION 576,"QUESTION 576
Users report web connectivity problems on the server (10.1.1.10). Which IP SLA configuration captures the failure details through the network to resolve the issue?","A.
B.
C.
D.",B,"p305_img0.png,p306_img5.png,p306_img4.png,p306_img3.png",305,576.0
QUESTION 577,"QUESTION 577

Branch 2 hosts cannot receive dynamic IP addresses. Which action resolves the issue?","A. Configure the ip helper command on the Layer 2 switch SW2 interfaces.
B.  Configure the ip helper command on the Interface GigabltEthernet 0/0 of the DHCP router.
C.  Configure the ip helper command on the Interface GigabltEthernet 0/2 of the DHCP router.
D. Configure the ip helper command on the interface GigabltEthernet 0/2 of the R2 router.",D,"p306_img2.png,p306_img1.png,p306_img0.png",306,577.0
QUESTION 578,"QUESTION 578
Which feature filters the IPv6 traffic on Layer 2 untrusted ports?","A. Binding Table Recovery
B. DHCPv6 Guard
C. IPv6 Source Guard
D. IPv6 RA Guard",C,,307,578.0
QUESTION 579,"QUESTION 579

EIGRP peering was lost.
Which configuration resolves the issue?","A.
B.
C.
D.",D,"p307_img4.png,p307_img3.png,p307_img2.png,p307_img1.png,p307_img0.png",307,579.0
QUESTION 580,"QUESTION 580

An engineer must troubleshoot a connectivity issue impacting the redistribution of the subnet 172.16.2.48 / 28 into the OSPF domain. Which configuration on router R1
advertises this subnet into the OSPF domain?","A. R1(config)#route-map CCNP permit 10
R1(config-route-map)#match tag 200
R1(config-route-map)#exit
R1(config)#router ospf 10
R1(config-router)#redistribute eigrp 100 subnets route-map CCNP
B. R1(config)#route-map CCNP permit 10
R1(config-route-map)#match route-type internal
R1(config)#router ospf 10
R1(config-router)#redistribute eigrp 100 subnets route-map CCNP
C. R1(config)#route-map CCNP permit 10
R1(config-route-map)#match route-type level-2
R1(config)#router ospf 10
R1(config-router)#redistribute eigrp 100 subnets route-map CCNP
D. R1(config)#route-map CCNP deny 10
R1(config-route-map)#match tag 200
R1(config)#route-map CCNP permit 10
R1(config)#router ospf 10
R1(config-router)#redistribute eigrp 100 subnets route-map CCNP",A,"p308_img2.png,p308_img1.png",308,580.0
QUESTION 581,"QUESTION 581

An engineer must troubleshoot an issue with the aaa authentication that affected the user’s login to router R1. Which command allows the configured user to
authenticate?","A. aaa authentication login default group tacacs+
B. aaa authentication login default group radius
C. aaa authentication login default group radius tacacs+
D. aaa authentication login default group radius local",D,p308_img0.png,308,581.0
QUESTION 582,"QUESTION 582

A PC is configured to obtain an IP address automatically, but it receives an IP address only from the 169.254.0.0 subnet. The DHCP server logs contained no
DHCPDISCOVER message from the MAC address of the PC. Which action resolves the issue?","A. Configure a DHCP reservation on the server for the PC.
B. Configure an ip helper-address on the router to forward DHCP messages to the server.
C. Configure DHCP Snooping on the switch to forward DHCP messages to the server.
D. Configure a static IP address on the PC and exclude it from the DHCP pool.",B,p309_img0.png,309,582.0
QUESTION 583,"QUESTION 583
Which protocol must be secured with MD-5 authentication across the mpls cloud to prevent hackers from introducing bogus routers?","A. LDP
B. LSP
C. RSVP
D. MP-BGP",A,,309,583.0
QUESTION 584,"QUESTION 584
An IPv6 network, the network administrator restricted remote access of the core router to a single user. The administrator configured the IPv6 access list and applied it
on the WAN interface of the core router. The administrator also wanted to investigate who else is trying to access the router and added a permit host entry with log
statement in the access list but could not find any details. Which action does the network administrator take to resolve the issue?","A. Apply the access list on line vty using the ipv6 access-class out command 
B. Apply the access list on all interfaces using the ipv6 access-class in command
C. Apply the access list on line vty using the ipv6 access-class in command
D. Apply the access list on the WAN interface using the ipv6 traffic-filter out command",C,,309,584.0
QUESTION 585,"QUESTION 585

A network administrator is trying to switch to the privileged EXEC level on R1 but failed. Which configuration resolves the issue?","A. tacacs-server enable-password Cisco@123
B. enable-password Cisco@123
C. enable password Cisco@123
D. tacacs server enable-password Cisco@123",C,p310_img2.png,310,585.0
QUESTION 586,"QUESTION 586

In Cisco DNA Center, a network engineer identifies that BGP-learned networks are repeatedly withdrawn from peers. Which configuration must the engineer apply to
resolve the issue?
set dampening 15 750 2000 60
router bgp 100
neighbor 10.140.212.5 route-map Dampening in","A. router bgp 100
bgp dampening
B. router bgp 100
bgp graceful-restart
C. route-map Dampening permit 10
set dampening 15 750 2000 60
router bgp 100
neighbor 10.140.212.5 route-map Dampening out
D. route-map Dampening permit 10",D,"p310_img1.png,p310_img0.png",310,586.0
QUESTION 587,"QUESTION 587

Which action adds the 10.1.7.6/32 route to the BGP table?","A. Add a static route for the 10.1.7.6/32 network.
B. Add summary-address 10.1.7.6 255.255.255.0.
C. Add the network 10.1.7.6 mask 255.255.255.255 backdoor command.
D. Add the network 10.1.7.6 mask 255.255.255.255 command.",D,p311_img0.png,311,587.0
QUESTION 588,"QUESTION 588
Which router translates the customer routing information into VPNv4 routes to exchange VPNv4 routes with other devices through MP-BGP?","A. CE
B. PE
C. VPNv4 RR
D. P",B,,311,588.0
QUESTION 589,"QUESTION 589

After the network administrator rebuilds the IPv6 DHCP server, clients are not getting the IPv6 address lease. Which action resolves the issue?","A. Add ipv6 dhcp server MY_POOL under the interface ethernet 0/0 on H1.
B. Remove FE80::A8BB:CCFF:FE00:5000 assigned by the IPv6 DHCP server.
C. Configure FF02::1:2 to discover all IPv6 DHCP clients.
D. Add ipv6 dhcp server MY_POOL under the interface ethernet 0/0 on R1.",D,p312_img1.png,312,589.0
QUESTION 590,"QUESTION 590
An engineer received a ticket about a router that has reloaded. The monitoring system graphs show different traffic patterns between logical and physical interfaces
when the router is rebooted. Which action resolves the issue?","A. Configure the snmp ifindex persist command on the physical interfaces.
B. Clear the logical interfaces with snmp ifindex clear command.
C. Trigger a new snmpwalk from the monitoring system to synchronize interface OIDs.
D.  Configure the snmp ifindex persist command globally.",A,,312,590.0
QUESTION 591,"QUESTION 591

The authentication is not working as desired and the user drops into user-exec mode. Which configuration resolves the issue?
login authentication default
authorization exec default
B. aaa new-model
aaa authentication login default local
aaa authorization priv default 15
!
line vty 0 4
login authentication default
authorization exec priv15
C. aaa new-model
aaa authentication login local
aaa authorization exec local
!
line vty 0 4
login authentication local
authorization exec default
D. aaa new-model
aaa authentication login default local
aaa authorization exec default local
!
line vty 0 4
login authentication default
authorization exec default","A. aaa new-model
aaa authentication common-id default local
aaa authorization exec default local
!
line vty 0 4",D,p312_img0.png,312,591.0
QUESTION 592,"QUESTION 592

R1 cannot establish a neighbor relationship with R2. Which action resolves the issue?","A. Configure the mtu ignore command on the interfaces of R1 and R2.
B. Configure the ip ospf network point-to-point command on the interfaces of R1 and R2.
C. Configure the neighbor 2.2.2.2 command on R1 under the OSPF process.
D. Configure the ip ospf network broadcast command on the interfaces of R1 and R2.",A,p313_img1.png,313,592.0
QUESTION 593,"QUESTION 593

The SNMP server with IP address 172.16.4.4 cannot access host router A. Which configuration command on router A resolves the issue?","A. access-list 4 permit 172.16.4.0 0.0.0.3
B. access-list 4 permit host 172.16.4.4
C. snmp-server host 172.16.4.4 ccnp
D. snmp-server community ccnp",B,p313_img0.png,313,593.0
QUESTION 594,"QUESTION 594

An enterprise operations team must monitor all application server traffic in the data center. The team finds that traffic coming from the hub site from R3 and R6 is
monitored successfully, but traffic destined to the application server is not monitored. Which action resolves the issue?","A. R4(config)#int gigabitEthernet 1/0
R4(config-if)#ip flow ingress
B. R3(config)#int gigabitEthernet 0/0
R3(config-if)#ip flow egress
C. R4(config)#int gigabitEthernet 2/0
R4(config-if)#ip flow egress
D. R1(config)#int gigabitEthernet 0/0
R1(config-if)#ip flow egress",C,p314_img0.png,314,594.0
QUESTION 595,"QUESTION 595
What must a network architect consider for RTs when planning for a single customer full-mesh VPN in an MPLS Layer 3 network?","A. Each RT value must be identical to an RD value within the same VPN.
B. RT must be globally identical within the same VPN.
C. RT values must be different from the RD values in the same VPN.
D. RT must be globally unique within the same VPN.",B,,314,595.0
QUESTION 596,"QUESTION 596
Which router attaches the VPN label to incoming packets from CE routing?","A. PE router
B. P router
C. CE router
D. core router",A,,314,596.0
QUESTION 597,"QUESTION 597
Which router takes an active role between two LDP neighbors when initiating LDP session negotiation and LDP TCP connection establishment?","A. with one interface in the MPLS backbone
B. with the larger number of LDP TCP neighbors
C. with the lowest IP address
D. with the higher IP address",D,,315,597.0
QUESTION 598,"QUESTION 598

An engineer must troubleshoot an issue affecting the communication from router R2 to the TACACS server. Which configuration resolves the issue?","A. R1(config)#tacacs-server packet maxsize 43974
B. R2(config)#tacacs-server packet maxsize 43974
C. R2(config)#tacacs server advrt 
R2(config-server-tacacs)#key xyz123
D. R1(config)#tacacs server advrt 
R1(config-server-tacacs)#key xyz123",C,p315_img1.png,315,598.0
QUESTION 599,"QUESTION 599

A network engineer lost remote access to the router due to a network problem. The engineer used the console to access the router and noticed continuous logs on the
console terminal. Which configuration limits the number of log messages on the console to critical and higher severity level messages?","A. term no monitor
B. no logging console
C. logging console 2
D. logging console 5",C,p315_img0.png,315,599.0
QUESTION 600,"QUESTION 600
What are the two benefits of using BFD? (Choose two.)","A. supports all routing protocols
B. supports UDLD failure
C. forwarding path failure detection 
D. subsecond failure detection
E. synchronous path determination",CD,,316,600.0
QUESTION 601,"QUESTION 601

A prefix of 10.1.1.0/31 is assigned for the DWDM circuit between R1 and R2 to connect the two attached VRFs on each router. Which configuration provides the
required connectivity on R1?
tunnel mode gre IP
      ip vrf forwarding CCNP
      tunnel destination 10.1.1.1
     !
     interface Tunnel1
      tunnel source Loopback 1
      tunnel mode gre IP
      ip vrf forwarding CCNA
tunnel destination 10.1.1.1","A. interface Ethernet0/0
      no ip address
     !
     interface Ethernet0/0.10 
      encapsulation dot1Q 10 
     ip vrf forwarding CCNP 
      ip address 10.1.1.0 255.255.255.252
     !
     interface Ethernet0/0.20 
       encapsulation dot1Q 20
     ip vrf forwarding CCNA 
      ip address 10.1.1.0 255.255.255.252
B. interface Ethernet0/0
      ip address 10.1.1.0 255.255.255.254
     !
     Interface Loopback 0
      ip vrf forwarding CCNP
     !
     Interface Loopback 1
      ip vrf forwarding CCNA
     !
     interface Tunnel0
      tunnel source Loopback 0
      tunnel mode gre IP
      ip vrf forwarding CCNP
      tunnel destination 10.1.1.1
     !
     interface Tunnel1
      tunnel source Loopback 1
      tunnel mode gre IP
      ip vrf forwarding CCNA
      tunnel destination 10.1.1.1
C. interface Ethernet0/0
      no ip address
     !
     interface Ehternet0/0.10
      encapsulation dot1Q 10
      ip vrf forwarding CCNP
      ip address 10.1.1.0 255.255.255.254
     !
     interface Ethernet0/0.20
      encapsulation dot1Q 20
     ip vrf forwarding CCNA
      ip address 10.1.1.0 255.255.255.254
D. interface Ethernet0/0
      ip address 10.1.1.0 255.255.255.252
     !
     Interface Loopback 0
      ip vrf forwarding CCNP
     !
     Interface Loopback 1
      ip vrf forwarding CCNA
     !
     interface Tunnel0
      tunnel source Loopback 0",C,p316_img0.png,316,601.0
QUESTION 602,"QUESTION 602

Customer B has decided not to receive any routes from R1 that originated outside the AS 100. Which AS path access list must the engineer choose to meet this
requirement?","A. ip as-path access-list 1 permit _100_
B. ip as-path access-list 1 permit _100$
C. ip as-path access-list 1 permit ^100$
D. ip as-path access-list 1 permit ^10[0-9]*$",C,"p317_img1.png,p317_img0.png",317,602.0
QUESTION 603,"QUESTION 603

Which action ensures that 10.10.10.0/24 reaches 10.10.20.0/24 through the direct link between R1 and R2?","A. configure OSPF link cost to 1 between R1 and R2
B. configure R1 and R2 links under area 1
C. configure R1 and R2 LAN links as nonpassive
D. configure OSPF path cost to 3 between R1 and R2",B,p318_img1.png,317,603.0
QUESTION 604,"QUESTION 604

The network operation team opened a trouble ticket stating that users connected to R2 and R4 cannot reach server 1. Some partial configuration and show commands
are included in the ticket.
Which configuration resolves the issue?","A. R2#
 router eigp 100
  distance 90 10.1.95.2 0.0.0.0 10
 !
 no ip route 10.71.2.100 255.255.255.0 Null0 name SERVER1
B. R4#
 router eigp 100
  distance 160 10.29.89.2 0.0.0.0 10
 !
 no ip route 10.71.2.0 255.255.254.0 Null0 name SERVER1
C. R4#
 router eigp 100
  no distance 200 10.29.89.2 0.0.0.0 10
 !
 no access-list 10 permit 10.71.2.0 0.0.0.255
D. R2#
 router eigp 100
  distance 170 10.1.95.2 0.0.0.0 10
 !
 no ip route 10.71.2.100 255.255.255.255 Null0 name SERVER1",CD,"p318_img0.png,p319_img0.png",318,604.0
QUESTION 605,"QUESTION 605
How does LDP operate in an MPLS network?","A. when an adjacent LSR receives LDP discovery messages, TCP two-way handshake ensures that the LDP session has unidirectional connectivity.
B. when topology changes occur such as a router failure, LDP generates peer discovery messages that terminate the LDP session to propagate an LSP change.
C. LDP notification messages allow LERs to exchange label information to determine the next hops within a particular LSP.
D. Peer routers establish the LDP session, and the LDP neighbors maintain and terminate the session by exchanging messages.",D,,319,605.0
QUESTION 606,"QUESTION 606

R1 should have BGP routes as “i”. Which configuration resolves the issue?","A. R7
route-map RC permit 10
 match ip address 1
 set origin igp
B. R1
route-map RC permit 10
 match ip address 1
 set origin igp
C. R1
route-map RC permit 10
 match ip address 1
  set metric 1
D. R7
route-map RC permit 10
 match ip address 1
  set metric 1",A,"p320_img1.png,p320_img0.png",319,606.0
QUESTION 607,"QUESTION 607

A customer reported a failure and intermittent disconnection between two office buildings, site X and site Y. the network team finds that site X and site Y are
exchanging email application traffic with the data center network. Which configuration resolves the issue between site X and site Y?","A. R2(config)#router bgp 65101
R2(config-router)#no timers bgp 3 15
B. R2(config)#router bgp 65101
R2(config-router)#neighbor 10.10.10.5 update-source loopback 0
C. R5(config)#router bgp 65101
R5(config-router)#neighbor 10.10.10.2 next-hop-self
D. R2(config)#router bgp 65101
R2(config-router)#neighbor 10.10.10.5 next-hop-self",B,p321_img0.png,320,607.0
QUESTION 608,"QUESTION 608

The R2 OSPF route 10.2.2.0/24 shows in the R1 EIGRP routing table without route redistribution performed between OSPF and EIGRP routing protocols. Which
configuration is required on router R2 to resolve the issue?","A. add the passive-interface FastEthernet 1/0 command in EIGRP 100
B. add the no auto-summary command in EIGRP 100
C. replace the network 10.0.0.0 command with FastEthernet0/0 network in EIGRP 100
D. add the passive-interface FastEthernet 0/0 command in OSPF 1",A,p322_img0.png,321,608.0
QUESTION 609,"QUESTION 609
A switch has been configured to provide DHCP relay on VLAN100 to a server with an IP address of 10.1.1.1. The DHCP server is sending syslog reports of multiple
TFTP requests that also originate from the switch. As a result, the server CPU exceeded a configured threshold. Which action does the network administrator
recommend to bring the server CPU threshold down?","A. Configure the switch with no ip forward-protocol udp 69 on VLAN100
B. Configure the switch with an access list on VLAN100 to deny TFTP.
C. Configure the switch with ip forward-protocol udp 67 globally
D. Configure the switch with a VACL on VLAN100 to deny TFTP",A,,322,609.0
QUESTION 610,"QUESTION 610

The R1 routing table has the prefixes for the FTP1 and FTP2 file servers. A network engineer must configure the R1 with these requirements:
- Host1 must use the FTP1 fileserver
- Host2 must use the FTP2 fileserver
Which configuration meets the requirement on R1?","A.
B.
C.
D.",B,"p323_img4.png,p323_img3.png,p323_img2.png,p323_img1.png,p323_img0.png",322,610.0
QUESTION 611,"QUESTION 611

Users from the 192.168.2.0/24 network cannot connect to the 172.16.2.32/28 network. Which configuration resolves the issue?","A. R1(config)#route-map REDIST permit 10
R1(config-route-map)#match ip address 15
R1(config-route-map)#set metric 1000 10 255 1 1500
R1(config-route-map)#exit
R1(config)# access-list 15 permit 192.168.2.0 0.0.255.255
B. R4(config)#ip route 0.0.0.0 0.0.0.0 172.16.2.1
C. R1(config)#router eigrp 100 
R1(config-router)#network 192.168.0.0
D. R1(config-router)#router eigrp 100 
R1(config-router)#redistribute rip
R1(config-router)#default-metric 10000 100 255 100 1500",D,"p324_img2.png,p324_img1.png",324,611.0
QUESTION 612,"QUESTION 612

A network administrator added area 5 to the OSPF network, and now users connected to router R2 cannot access the server connected to R8. Which configuration
resolves the issue?
R4#
router ospf 1
 router-id 10.4.4.4
 area 7 virtual-link 10.9.9.9
 network 10.11.1.0 0.0.0.3 area 2
 network 10.8.2.0 0.0.0.3 area 7
B. R9#
router ospf 1
 router-id 10.9.9.9
 area 5 virtual-link 10.4.4.255
 network 10.1.9.0 0.0.0.3 area 5
 network 10.8.2.0 0.0.0.3 area 7
R4#
router ospf 1
 router-id 10.4.4.4
 area 5 virtual-link 10.9.9.255
 network 10.8.2.0 0.0.0.3 area 7
 network 10.11.1.0 0.0.0.3 area 2
C. R9#
router ospf 1
 router-id 10.9.9.9
 area 7 virtual-link 10.4.4.4
 network 10.1.9.0 0.0.0.3 area 7
 network 10.8.2.0 0.0.0.3 area 5
R4#
router ospf 1
 router-id 10.4.4.4
 area 7 virtual-link 10.9.9.9
 network 10.8.2.0 0.0.0.3 area 2
 network 10.11.1.0 0.0.0.3 area 7
D. R9#
router ospf 1
 router-id 10.9.9.9
 area 5 virtual-link 10.4.4.4
 network 10.1.9.0 0.0.0.3 area 5
 network 10.8.2.0 0.0.0.3 area 7
R4#
router ospf 1
 router-id 10.4.4.4
 area 5 virtual-link 10.9.9.9
 network 10.8.2.0 0.0.0.3 area 7
 network 10.11.1.0 0.0.0.3 area 2","A. R9#
router ospf 1
 router-id 10.9.9.9
 area 7 virtual-link 10.4.4.4
 network 10.1.9.0 0.0.0.3 area 5
 network 10.8.2.0 0.0.0.3 area 7",A,"p324_img0.png,p325_img0.png",324,612.0
QUESTION 613,"QUESTION 613

The IP SLA probes 1, 2 and 3 verify the reachability of three distinct DNS servers hosted by ISP1. If all DNS servers are unreachable, the router should failover to
ISP2 for Internet connectivity. However, the configuration is causing the router to failover to ISP2 even if some of the DNS servers are still reachable. Which action
resolves the issue?","A. Rewrite the track object 14 to use the “or” operator
B. Reference the track object 14 to the IP SLA probes 1, 2, and 3 directly
C. Use the administrative distance of 255 for the default route through ISP2
D. Use the delay command in the track object 14",A,p326_img1.png,325,613.0
QUESTION 614,"QUESTION 614

While troubleshooting a BGP route reflector configuration, an engineer notices that reflected routes are missing from neighboring routers. Which two BGP
configurations are needed to resolve the issue? (Choose two.)","A. neighbor R2 route-reflector-client
B. neighbor 10.1.1.2 allowas-in
C. neighbor 10.1.1.2 route-reflector-client
D. neighbor 10.1.1.14 route-reflector-client
E. neighbor R4 route-reflector-client",AE,p326_img0.png,326,614.0
QUESTION 615,"QUESTION 615

After an engineer updates the configuration on the device, they noticed unexpected behavior. Which command resolves the issue by completely replacing the startup
configuration?","A. configure replace nvram:startup-config
B. copy running-config startup-config
C. configure replace nvram:private-config
D. copy system:running-config nvram:startup-config",A,p327_img2.png,326,615.0
QUESTION 616,"QUESTION 616

An engineer uses NetFlow to troubleshoot a voice quality issue from the branch office and notices that the traffic is not arriving in the correct format to the collector.
Which configuration resolves the issue?
R2(config-flow-monitor)#no exporter CCNPEXP1
R2(config-flow-monitor)#flow exporter CCNPEXP1
R2(config-flow-exporter)export-protocol ipfix
D. R2(config)#flow exporter CCNPEXP1
R2(config-flow-exporter)export-protocol netflow-v9","A. R2(config)#flow monitor CCNPMON1
R2(config-flow-monitor)#no exporter CCNPEXP1
R2(config-flow-monitor)#flow exporter CCNPEXP1
R2(config-flow-exporter)export-protocol netflow-v9
B. R2(config)#flow exporter CCNPEXP1
R2(config-flow-exporter)export-protocol netflow-v5
C. R2(config)#flow monitor CCNPMON1",D,"p327_img1.png,p327_img0.png",327,616.0
QUESTION 617,"QUESTION 617

An engineering is troubleshooting an OSPF adjacency issue between directly connected routers R1 and R2. Which configuration resolves the issue?","A. R2(config)#interface GigabitEthernet 0/0
R2(config-if)#ip address 10.10.10.9 255.255.255.252
B. R1(config)#interface GigabitEthernet 0/0
R1(config-if)#ospfv3 10 ipv4 area 0
C. R1(config)#interface GigabitEthernet 0/0
R1(config-if)#ospfv3 network broadcast
D. R2(config)#interface GigabitEthernet 0/0
R2(config-if)#ospfv3 network broadcast",A,p328_img1.png,328,617.0
QUESTION 618,"QUESTION 618

After a security hardening was performed on a router, the administrator cannot access the command line of any remote device. Which action resolves the issue?","A. modify the AAA policy to allow the user to run the telnet and SSH commands.
B. remove the transport output none command from the line con 0 section.
C. move Telnet and SSH commands to a nonzero privilege level.
D. remove the egress ACL blocking Telnet and SSH on the router interfaces.",A,p328_img0.png,328,618.0
QUESTION 619,"QUESTION 619

OSPF adjacency is broken between router A and router B. Which configuration on router B resolves the issue?","A. Router B(config)#int gigabitEthernet 1
Router B(config-if)#ip ospf hello-interval 40
Router B(config-if)#router ospf 10
Router B(config-router)#router-id 1.1.1.1
B. Router B(config)#int gigabitEthernet 1
Router B(config-if)#ip ospf hello-interval 10
Router B(config-if)#ip ospf cost 1000
C. Router B(config)#int gigabitEthernet 1
Router B(config-if)#ip address 172.16.192.2 255.255.255.192
Router B(config-if)#ip ospf network broadcast
Router B(config-if)#exit
D. Router B(config)#int gigabitEthernet 1
Router B(config-if)#ip address 172.16.192.2 255.255.192.0
Router B(config-if)#ip ospf network broadcast
Router B(config-if)#exit",D,p329_img1.png,328,619.0
QUESTION 620,"QUESTION 620

An engineer observes that every time the ICMP packet is lost at a polling interval, track 1 goes down, which causes unnecessary disruption and instability in the
network. The engineer does not want the traffic to be rerouted if the loss of ICMP packets is negligible. If the packet loss is persistent for a longer duration, the track
must go down and the traffic must be rerouted. Which action resolves the issue?","A. Change the IP SLA schedule to run only at certain intervals.
B. Increase the timeout value from 1000 to 1500.
C. Define a delay timer under track 1.
D. Increase the threshold value from 1000 to 1500.",C,p329_img0.png,329,620.0
QUESTION 621,"QUESTION 621

During an unannounced link-maintenance window at the ISP, the DCI link went down, which caused a significant service outage. What action must the network
engineer take at the head office to ensure Area-0 connectivity without intervention from the ISP?","A. Create a virtual link in Area-0 between HO E0/0 and DR E0/0.
B. Create a virtual link in Area-110 between R1 S0/0 and R2 S0/0.
C. Create a GRE tunnel interface in Area-110 between R1 S0/0 and R2 S0/0.
D. Create a GRE tunnel interface in Area-0 between HO E0/0 and DR E0/0.",B,p330_img1.png,330,621.0
QUESTION 622,"QUESTION 622

R1 is directly connected to R2 over network 10.100.14.0/24. An engineer configures R1 to advertise a static route that is connected to a local loopback for network
10.100.13.0/24. The network is not in the routing table of R2. Which action resolves the issue?","A. R2 must use a different OSPF process number and should be changed to ospf 1 to match R1.
B. The redistribution command is incorrect in R1. The keyword subnets should be included with the redistribution command.
C. The Loopback interface on R1 is administratively down. The interface should be enabled with the no shutdown command.
D. The redistribution command is incorrect on R1. The default metric metric 200 should be included with the redistribution command.",B,p330_img0.png,330,622.0
QUESTION 623,"QUESTION 623

The eBGP neighbor 10.1.1.1 of router R2 receives and installs the prefix, but the community value is not found in the BGP routing table. How must this issue be
resolved?","A. R1 must have a route map assigned to neighbor R2, which is not matching the community values.
B. R1 must have a route map assigned to neighbor R2, which is clearing the community values.
C. R2 is not sending the community value to neighbor R1, configure R2 to send community.
D. Community values are nontransitive and R2 is an eBGP peer, configure R2 to send community.",C,p331_img1.png,330,623.0
QUESTION 624,"QUESTION 624
What is a role of route distinguishers in an MPLS network?","A. Route distinguishers define which prefixes are imported and exported on the edge router.
B. Route distinguishers allow multiple instances of a routing table to coexist within the edge router.
C. Route distinguishers are used for label bindings.
D. Route distinguishers make a unique VPNv4 address across the MPLS network.",D,,331,624.0
QUESTION 625,"QUESTION 625

A PC is configured to obtain an IP address automatically, but it receives an IP address only from the 169.254.0.0 subnet. The DHCP server logs contained no
DHCPDISCOVER message from the MAC address of the PC. Which action resolves the issue?","A. Configure a DHCP reservation on the server for the PC.
B. Configure a static IP address on the PC and exclude it from the DHCP pool.
C. Configure an ip helper-address on the router to forward DHCP messages to the server.
D. Configure DHCP Snooping on the switch to forward DHCP messages to the server.",C,p331_img0.png,331,625.0
QUESTION 626,"QUESTION 626

Users in BGP autonomous system 65500 cannot access IPv4 resources in the EIGRP IPv4 autonomous system 100. Which action resolves the issue?","A. Redistribute EIGRP routes into OSPF.
B. Redistribute OSPF internal routes into BGP.
C. Redistribute OSPF external routes into BGP.
D. Redistribute BGP routes into OSPF.",C,p332_img2.png,331,626.0
QUESTION 627,"QUESTION 627
Which type of BFD session is created on a broadcast Ethernet interface with OSPF?","A. with the DR and BDR, but not any DROTHER routers
B. with all OSPF routers
C. only on P2P Ethernet interfaces
D. only with the DR",A,,332,627.0
QUESTION 628,"QUESTION 628

The user experiences random packet drops when accessing Server-1 but does not have any issues when reaching out to Server-2. Which action resolves the issue?","A. Configure the distance under the EIGRP process to 10 on R1.
B. Modify the distance 10 under the OSPF process on R1 to 90.
C. Configure the distance under the EIGRP process to 10 on R2.
D. Remove the distance 10 under the OSPF process on R1.",D,"p332_img1.png,p332_img0.png",332,628.0
QUESTION 629,"QUESTION 629

An engineer must route the management server traffic to the network 10.0.250.0 over the 2 Mbps link. Which configuration accomplishes this task on R1?","A. route-map advrt permit 10
     match ip address 110
     set ip next-hop 10.0.0.1
     !
     access-list 110 permit ip host 10.0.1.3 10.0.250.0 0.0.0.3
     !
     interface GigabitEthernet0/3
      ip policy route-map advrt
B. route-map advrt permit 10
     match ip address 110
     set ip next-hop 10.0.0.2
     !
     access-list 110 permit ip host 10.0.1.3 10.0.250.0 0.0.0.3
     ! 
      interface GigabitEthernet0/3
       ip policy route-map advrt
C. interface GigabitEthernet0/1
     bandwidth 20000
D. interface GigabitEthernet0/0
     bandwidth 20000",B,p333_img0.png,333,629.0
QUESTION 630,"QUESTION 630
How does BFD protocol work?","A.  BFD operates on the route processor module and impacts the route processor CPU utilization.
B. BFD control packets are sent via UDP port 3784 to the destination router.
C. BFD echo packets are sent to the same source IP and different destination IP with TCP port of 3786.
D. When BFD declares a failure on the primary IGP path, the router on the peer router chooses to use the secondary path.",B,,334,630.0
QUESTION 631,"QUESTION 631

After an engineer modified the configuration for area 7 to permit type 1, 2, and 7 LSAs only, users connected to router R9 reported that they could no longer access the
Internet. Which configuration restores Internet access to users on R9 and permits only LSA type 1, 2, and 7?
R9#
router ospf 1
 area 7 nssa
 redistribute eigrp 10 subnets
 network 10.8.2.0 0.0.0.3 area 7
B. R4#
router ospf 1
 area 7 nssa
 network 10.5.1.0 0.0.0.3 area 0
 network 10.8.2.0 0.0.0.3 area 7
R9#
router ospf 1
 area 7 nssa
 redistribute eigrp 10 subnets
 network 10.8.2.0 0.0.0.3 area 7
C. R4#
router ospf 1
 area 0 area 7 stub no-summary
 network 10.5.1.0 0.0.0.3 area 0
 network 10.8.2.0 0.0.0.3 area 7
R9#
router ospf 1
 area 7 stub
 redistribute eigrp 10 subnets
 network 10.8.2.0 0.0.0.3 area 7
D. R4#
router ospf 1
 area 0 nssa default-information-originate
 network 10.5.1.0 0.0.0.3 area 0
 network 10.8.2.0 0.0.0.3 area 7
R9#
router ospf 1
 area 7 nssa
 redistribute eigrp 10 subnets
 network 10.8.2.0 0.0.0.3 area 7","A. R4#
router ospf 1
 area 7 nssa no-summary
 network 10.5.1.0 0.0.0.3 area 0
 network 10.8.2.0 0.0.0.3 area 7",A,p334_img0.png,334,631.0
QUESTION 632,"QUESTION 632

The BGP neighbor is not coming up. Which action resolves the issue?","A. Enable synchronization between the neighbors to bring the neighborship up.
B. The route map on eBGP sessions must allow the prefixes from the neighbor.
C. Configure the ebgp-multihop 2 command on R1 toward the neighbor.
D. Configure a valid router ID on the neighbor that shows an invalid router ID of 0.0.0.0.",C,p335_img1.png,335,632.0
QUESTION 633,"QUESTION 633

The neighboring router does not show any summarized prefixes. How must the configured summarization be seen on the neighboring router?","A. There is no network statement for the summary prefix within EIGRP. The network 172.18.0.0 command must be configured under the EIGRP process.
B. The summary mask is incorrect. Create a loopback interface within the summary range and enable within the EIGRP process with the network command to
generate the summary.
C. The auto summarization feature will be summarizing all routes into a single update and must be disabled by use of the no auto-summary command.
D. There is no network statement for the summary prefix within EIGRP. The network 172.18.80.0 0.0.15.0 command must be configured under the EIGRP process.",B,p335_img0.png,335,633.0
QUESTION 634,"QUESTION 634

A network engineer is troubleshooting an AAA authentication issue for R1 from R2. When an engineer tries to open a telnet connection to R1, it opens the connection
but shows a %Authorization failed error message on the terminal and closes the connection silently. Which action resolves the issue?","A. Configure authorization commands in the tacacs+ server for the R1 router.
B. Configure the tacacs+ server host IP on the R1 router.
C. Resolve tacacs+ server host IP authentication miss configuration on the R1 router.
D. Resolve tacacs+ server reachability from the R1 router.",D,p336_img1.png,336,634.0
QUESTION 635,"QUESTION 635

R1 and R2 have been configured where the neighbor relationship must be authenticated using MD5:
R1
router bgp 100
 neighbor 172.16.1.2 remote-as 200
 neighbor 172.16.1.1 password cisco123
R2
router bgp 200
 neighbor 172.16.1.1 remote-as 100
 neighbor 172.16.1.1 password cisco
The neighbor relationship is not coming up. Which configuration resolves the issue?
router bgp 200
 neighbor 172.16.1.1 password cisco123
B. R1
router bgp 100
 neighbor 172.16.1.2 password MD5 cisco123
R2
router bgp 200
neighbor 172.16.1.1 password MD5 cisco123
C. R1
router bgp 100
 neighbor 172.16.1.2 password MD5 cisco
R2
router bgp 100
 neighbor 172.16.1.1 password MD5 cisco
D. R1
router bgp 100
 neighbor 172.16.1.2 password cisco",A. R2,D,p336_img0.png,336,635.0
QUESTION 636,"QUESTION 636

A user from Area-55 cannot access the HTTPS services running on the Area-0 server farm. An engineer identifies that the routing table of SW-1 is not learning the
Area-55 routes. Which configuration resolves the issue?
R3
router ospf 100
 area 9 virtual-link 1.23.55.2
B. R3 
router ospf 100
 area 9 virtual-link 1.13.1.1
R1
router ospf 100
 area 9 virtual-link 1.12.1.1
C. R2
router ospf 100
 area 9 virtual-link 1.11.1.1
R1
router ospf 100
area 9 virtual-link 1.12.1.1
D. R1
router ospf 100
 area 9 virtual-link 10.110.0.1
R2
router ospf 100
 area 9 virtual-link 1.12.9.1","A. R1 
router ospf 100
 area 9 virtual-link 10.12.9.1",C,p337_img0.png,337,636.0
QUESTION 637,"QUESTION 637

An engineer investigates an IPv6 EIGRP neighbor adjacency issue that sees the neighbors flapping and issued a ping from R1 to its directly connected neighbor. The
link between the switches is stable at Layer 2, and other connected devices are also functioning. Which action resolves the issue?","A. The switch between the two neighbors is not configured for IPv6 multicast and must be configured for lPv6 multicast.
B. The switch between the two neighbors is not IPv6 compatible and must be replaced with an IPv6 compatible device.
C. Multicast packets are not reliably transmitted over the link, and the switch must be replaced.
D. Data is not reliably transmitted between the dynamically assigned link-local addresses of the routers and must be manually assigned.",C,p338_img1.png,338,637.0
QUESTION 638,"QUESTION 638

Clients on ALS2 receive IPv4 and IPv6 addresses, but clients on ALS1 receive only IPv4 addresses and not IPv6 addresses. Which action on DSW1 allows clients on
ALS1 to receive IPv6 addresses?","A. Configure DSW1(config-if)#ipv6 dhcp relay destination 2002:404:404::404:404 GigabitEthernet1/2
B. Configure DSW1(dhcp-config)#default-router 2002:A04:A01::A04:A01
C. Configure DSW1(config-if)ipv6 helper address 2002:404:404::404:404
D. Configure DSW1(config)#ipv6 route 2002:404:404::404:404/128 FastEthernet1/0",A,p338_img0.png,338,638.0
QUESTION 639,"QUESTION 639
The network administrator configured CoPP so that EIGRP traffic toward the device is limited to 2 mbps. Any traffic that exceeds this limit must also be allowed at this
point for traffic analysis.

access-list 100 permit EIGRP any any
!
class-map CM-EIGRP 
 match access-group 100
!
policy-map PM-COPP
 class CM-EIGRP
  police 2000000 conform-action transmit
!
control-plane
 service-policy output PM-COPP
No EIGRP traffic is going through CoPP. Which configuration resolves the issue?","A. policy-map PM-COPP
 class CM-EIGRP
  police 2000000 conform-action transmit exceed-action transmit
!
control-plane
 no service-policy output PM-COPP
 service-policy input PM-COPP
B. policy-map PM-COPP
 class CM-EIGRP
  police 2000000 conform-action drop exceed-action drop
!
control-plane
 no service-policy output PM-COPP
  service-policy input PM-COPP
C. policy-map PM-COPP
 class CM-EIGRP
  police 2000000 conform-action transmit exceed-action transmit
D. control-plane
 no service-policy output PM-COPP
  service-policy input PM-COPP",A,,339,639.0
QUESTION 640,"QUESTION 640

Host A successfully pings host C, but host B fails to ping host C. Which action resolves this issue?","A. Redistribute EIGRP 100 into RIP on R1.
B. Disable auto-summary in RIP and EIGRP.
C. Enable loose mode uRPF.
D. Change the first statement in access list 100 to permit access.",C,p339_img0.png,339,640.0
QUESTION 641,"QUESTION 641

A network administrator is troubleshooting an authentication failure issue during login into R2 using a RADIUS server user account. The network administrator can
ping the RADIUS server, but the user access to SSH is denied on R2. Which action resolves the issue?","A. Enable AAA authorization to allow SSH connections.
B. Modify the aaa command to replace TACACS+ with RADIUS.
C. Configure the username in RADIUS server database.
D. Remove ""local"" from the aaa authentication command.",C,p340_img1.png,340,641.0
QUESTION 642,"QUESTION 642

R1 must advertise all loopback interfaces IP addresses to neighbors, but EIGRP neighbors receive a summary route. Which action resolves the issue?","A. Disable auto summarization on R1.
B. Redistribute connected routes into EIGRP.
C. Enable EIGRP on loopback interfaces.
D. Remove the 10.100.1.0/24 static route.",C,p340_img0.png,340,642.0
QUESTION 643,"QUESTION 643

An error message ""an OSPF-4-FLOOD_WAR"" is received on SW2 from SW1. SW2 is repeatedly receiving its own link-state advertisement and flushes it from the
network. Which action resolves the issue?","A. Change area 5 to a normal area from a nonstub area.
B. Resolve different subnet mask issue on the ink.
C. Resolve duplicate IP address issue in the network.
D. Configure Layer 3 port channel on interfaces between switches.",C,p341_img1.png,341,643.0
QUESTION 644,"QUESTION 644

After a misconfiguration by a junior engineer, the console access to router A is not working. Which configuration allows access to router A?","A. RouterA(config)#line console 0
RouterA(config-line)#password cisco
RouterA(config)#end
B. RouterA(config)#line console 0
RouterA(config-line)#password cisco
RouterA(config-line)#login local
RouterA(config)#end
C. RouterA(config)#aaa new-model
RouterA(config)#line console 0
RouterA(config-line)#login authentication CONSOLE
D. RouterA(config)#aaa new-model
RouterA(config)#aaa authentication login my-auth-list tacacs+",A,p341_img0.png,341,644.0
QUESTION 645,"QUESTION 645

R1 cannot reach the R4 loopback address (2001::4/128). Which configuration provides the most optimal and scalable resolution to the issue?","A. R2
 router bgp 100
  address-family ipv6
  no synchronization
B. R2
 router bgp 100
  address-family ipv6
  neighbor 2001::4 next-hop-unchanged
  redistribute connected
C. R2
 router bgp 100
  address-family ipv6
  neighbor 2001::1 next-hop-self
D. R1
 router bgp 100
  address-family ipv6
  no synchronization",C,"p342_img2.png,p342_img1.png,p342_img0.png",341,645.0
QUESTION 646,"QUESTION 646
What is the role of LDP in MPLS networks?","A. It disables label binding information to exchange with peer LSRs
B. It creates MPLS packet forwarding along with the IGP routes
C. It enables label binding that exchanges route descriptors
D. It enables label binding information to exchange with peer LSRs",D,,342,646.0
QUESTION 647,"QUESTION 647

A network engineer is adding a new spoke router into an existing DMVPN Phase 3 tunnel with a hub router to provide secure communication between sites. Which
additional configuration must the engineer apply to enable the tunnel to come up?","A. ip nhrp registration no-unique
B. ip nhrp nhs 172.23.5.1
C. ip nhrp responder tunnel 0
D. ip nhrp server-only non-caching",B,p343_img1.png,342,647.0
QUESTION 648,"QUESTION 648

A network engineer must provision two DMVPN spokes sites with a zero-touch deployment model. The spoke must communicate through hub with other spokes.
Which configuration provisions these sites?","A. interface tunnel10
 ip address 10.0.0.1 255.255.255.0
 ip nhrp network-id 100
 ip nhrp nhs registration 10.0.0.254 no-unique
 tunnel source G0/1
 tunnel destination 172.16.100.1
 tunnel mode mgre multipoint
B. interface tunnel10
 ip address 10.0.0.1 255.255.255.0
 ip nhrp network-id 100
 ip nhrp nhs 10.0.0.254 nbma 172.16.100.1 broadcast
 tunnel source G0/1
 tunnel destination 172.16.100.1
C. interface tunnel10
 ip address 10.0.0.1 255.255.255.0
 ip nhrp network-id 100
 ip nhrp 10.0.0.254 multicast dynamic
 tunnel source G0/1
 tunnel destination 172.16.100.1
 tunnel key 100
D. interface tunnel10
 ip address 10.0.0.1 255.255.255.0
 ip nhrp network-id 100
 ip nhrp nhs 10.0.0.254 nbma 172.16.100.1 multicast
 tunnel source G0/1
 tunnel destination 172.16.100.1
 tunnel key 100",D,p343_img0.png,343,648.0
QUESTION 649,"QUESTION 649

An engineer configures router B to direct all traffic from host 192.168.1.3 to router C. All other traffic must be routed through normal routing-protocol operations. Which
configuration accomplishes the task?","A. interface g0/0/0
  ip address 192.168.1.254 255.255.255.0
  ip policy route-map CCNP
!
access-list 101 permit ip host 192.168.1.3 any
 !
 route-map CCNP permit 10
  match ip address 101
  set ip next-hop 10.0.1.2
B. interface g0/0/0
  ip address 192.168.1.254 255.255.255.0
!
access-list 101 permit ip host 192.168.1.3 any
access-list 101 permit ip any any
 !
route-map CCNP permit 10
  match ip address 101
  set ip next-hop 10.0.1.2
C. interface g0/0/0
  ip address 192.168.1.254 255.255.255.0
  ip policy route-map CCNP
!
access-list 101 permit ip host 192.168.1.3 any
 !
 route-map CCNP permit 10
  match ip address 101
  set ip next-hop 10.0.2.1
D. interface g0/0/0
  ip address 192.168.1.254 255.255.255.0
  ip policy route-map CCNP
!
access-list 101 permit ip any host 192.168.1.3
!
route-map CCNP permit 10
  match ip address 101
  set ip next-hop 10.0.1.2",A,p344_img0.png,344,649.0
QUESTION 650,"QUESTION 650

An enterprise user reports an access issue with IPv6 content on the Internet. The user can access IPv4 content that is at the data center. Which action resolves the
issue with IPv6 content?","A. Advertise the 2001:db8:e::e/64 route on the router D OSPF process.
B. Enable default information to originate in IPv6 AF On router B. 
C. Change Area 11 to Area 0 between routers B and C. 
D. Add a static route for 2001:db8:0:6::1/64 on router B RIB.",B,"p345_img2.png,p345_img1.png",344,650.0
QUESTION 651,"QUESTION 651

A network engineer troubleshooting a packet drop problem for the host 172.16.100.5 notices that only one link is used and installed on the routing table, which
saturates the bandwidth. Which action must the engineer take to resolve the high bandwidth utilization problem and share the traffic toward this host between the two
available links?","A. Change the EIGRP delay metric meet the feasibility condition.
B. Set the eigrp variance equal to 4 to install a second route with a metric not larger than 4 times of the best metric. 
C. Set the eigrp variance equal to 3 to install a second route with a metric not larger than 3 times of the best metric.
D. Disable the eigrp split horizon loop protection mechanism.",A,p345_img0.png,345,651.0
QUESTION 652,"QUESTION 652

The IPsec profile configuration must be optimal to address the extra bytes overhead per packet. Which configuration must be applied by the engineer on all routers to
meet the requirement?","A. crypto ipsec transform-set T-SET esp-aes 128 esp-sha-hmac
 mode mGRE
B. crypto ipsec transform-set T-SET esp-aes 128 esp-sha-hmac
 mode tunnel
C. crypto ipsec transform-set T-SET esp-aes 128 esp-sha-hmac
 mode ipsec ipv4
D. crypto ipsec transform-set T-SET esp-aes 128 esp-sha-hmac
 mode transport",D,p346_img0.png,346,652.0
QUESTION 653,"QUESTION 653
A company is redesigning WAN infrastructure so that all branch sites must communicate via the head office and the head office can directly communicate with each
site independently. The network engineer must configure the head office router by considering zero-touch technology when adding new sites in the same WAN
infrastructure. Which configuration must be applied to the head office router to meet this requirement?","A. interface Tunnel0 
 tunnel mode ip
 ip nhrp map multicast dynamic
B. interface Tunnel0
 tunnel mode dvmrp 
 ip nhrp redirect
C. interface Tunnel0
 tunnel mode gre multipoint 
 ip nhrp map multicast dynamic
D. interface Tunnel0
 tunnel mode ip 
 ip nhrp redirect",C,,346,653.0
QUESTION 654,"QUESTION 654

Which action fixes the OSPF routes redistribution into EIGRP?","A. Set a default metric in the route map
B. Set tags before matching into EIGRP
C. Match external type to type-1
D. Match OSPF and EIGRP IDs",B,p347_img0.png,347,654.0
QUESTION 655,"QUESTION 655
How are CE advertised routes segmented from other CE routers on an MPLS PE router?","A. with a combination of VRF-Lite and MP-BGP
B. by enabling multiple instances of BGP, one for each CE router
C. by pushing MPLS labels advertised by LDP on customer routes
D. by assigning CE-facing interfaces to different VRFs",D,,347,655.0
QUESTION 656,"QUESTION 656

R3 is dual-homed to two service providers for traffic redundancy. R3 prefers its outbound traffic via R2. Which set of configurations achieves this goal?","A. route-map R1 permit 10
  set metric 200
 !
 route-map R2 permit 10
  set metric 100
B. route-map R1 permit 10
  set AS-Path Prepend 200
 !
 route-map R2 permit 10
  set AS-Path Prepend 100
C. route-map R1 permit 10
  set metric 100
 !
 route-map R2 permit 10
  set metric 200
D. route-map R1 permit 10
  set AS-Path Prepend 100
 !
 route-map R2 permit 10
  set AS-Path Prepend 200",A,"p348_img1.png,p348_img0.png",347,656.0
QUESTION 657,"QUESTION 657
An engineer must configure encrypted packets for a single router OSPF neighborship. Which configuration meets this requirement?","A. interface Ethernet0/2
  ip ospf authentication-key exam
B. router ospf 100
  area 0 authentication
 !
interface Ethernet0/2
  ip ospf authentication-key exam
C. interface Ethernet0/2
  ip ospf authentication message-digest
  ip ospf message-digest-key 1 md5 exam
D. router ospf 100
  area 0 authentication message-digest-key 1 md5 exam
 !
interface Ethernet0/2
  ip ospf message-digest-key 1 md5 exam",C,,348,657.0
QUESTION 658,"QUESTION 658

Router ABR-Rtr is not propagating the Internet routes in OSPF area 10, which causes Internet reachability problems in the area. Which action resolves the issue?","A. ABR-Rtr must advertise the 0.0.0.0/0 default route in area 10.
B. ABR-Rtr must configure the area 10 stub no-summary command.
C. ABR-Rtr must configure the default-information originate always command.
D. ABR-Rtr network type must be broadcast network",A,p349_img0.png,348,658.0
QUESTION 659,"QUESTION 659
While BGP Internet routes are redistributed to a lower class of router via RIP, packets are being dropped and routes are failing to be distributed in RIP. Which action
resolves the issue?","A. Use WFQ in the output queue of the high-performance router.
B. Use RIP V2 to be able to use classless networks from BGP.
C. Use the input-queue command to prevent the loss of packets.
D. Use OSPF instead of RIP to accept all BGP routes.",B,,349,659.0
QUESTION 660,"QUESTION 660
Which IP precedence value does BFD use to prioritize traffic within an infrastructure device?","A. 4
B. 5
C. 6
D. 7",D,,349,660.0
QUESTION 661,"QUESTION 661

An engineer must filter prefixes that originate from AS65412, but it is not working correctly. Which configuration must the engineer apply to R1 to resolve the issue?","A. no ip as-path access-list 1 
  ip as-path access-list 1 deny 65412_
  ip as-path access-list 1 permit .*
B. no ip as-path access-list 1 
  ip as-path access-list 1 deny _65412$
  ip as-path access-list 1 permit .*
C. route-map FILTER permit 10 
  match as-path 1 
route-map FILTER permit 20
D. router bgp 64560
  neighbor 10.10.10.10 route-map FILTER out",B,p350_img2.png,349,661.0
QUESTION 662,"QUESTION 662

Which action resolves the issue?","A. Configure the local time on Cisco Catalyst Center (formerly DNA Center).
B. Establish connectivity between the NTP server and the switch.
C. Configure the local time on the SW1 device.
D. Establish connectivity between the NTP server and Cisco Catalyst Center (formerly DNA Center).",B,p350_img1.png,350,662.0
QUESTION 663,"QUESTION 663

A customer reports that networks in the 10.0.1.0/24 space do not appear in the RIP database. What action resolves the issue?","A. Permit 10.0.1.0/24 address in the ACL.
B. Configure 10.0.1.0/24 network under RIP.
C. Remove summarization of 10.0.0.0/8.
D. Remove ACL on R1 blocking 10.0.1.0/24 network.",A,p350_img0.png,350,663.0
QUESTION 664,"QUESTION 664
Which type of ports are protected by IPv6 Source Guard?","A. Layer 3 ports
B. access ports
C. trunk ports
D. Layer 2 ports",D,,351,664.0
QUESTION 665,"QUESTION 665

An engineer configured NetFlow to capture traffic information through the router, but it is not working as expected. Which action captures the flow information from this
router to the collector?","A. Change the flow exporter transport protocol from UDP to TCP.
B. Configure a flow exporter under flow monitor FLOW-MONITOR-1. 
C. Change the interface configuration FLOW-MONITOR-1 from input to output. 
D. Configure more than one flow exporter destination addresses.",B,p351_img0.png,351,665.0
QUESTION 666,"QUESTION 666

Which feature is required for IPv6 Source Guard to block traffic arriving on the server interface from unknown sources?","A. Dynamic ARP Inspection
B. IPv6 RA Guard
C. DHCPv6 Guard
D. IPv6 ND Inspection",D,,351,666.0
QUESTION 667,"QUESTION 667

A customer reports that user traffic of bank XYZ to the AAA server is not using the primary path via the R3-R2 link. The network team observes:
- No fiber is cut on links R2 and R3.
- AS101 and AS 201 routers established BGP peering.
                
Which configuration resolves the issue?","A. R6(config)#router bgp 65201
R6(config-router)#no neighbor 10.10.10.5 weight 32769
B. R4(config)#router bgp 65201
R4(config-router)#no neighbor 10.10.10.6 weight 32769
C. R1(config)#route-map BGP-Path permit 10
R1(config-route-map)# set local-preference 200
R1(config)#router bgp 65101
R1(config-router)# neighbor 10.10.10.2 route-map BGP-Path out
D. R2(config)#route-map BGP-Path permit 10
R2(config-route-map)# set metric 200
R2(config)#router bgp 65101
R2(config-router)# neighbor 10.10.10.3 route-map BGP-Path out",A,"p352_img1.png,p352_img0.png",352,667.0
QUESTION 668,"QUESTION 668

Users are experiencing slow response times from critical application servers connected to the network. The engineer determined from the console log that there is a
DOS attack on the interface GigaEthernet0/0. Which action must the engineer take to resolve the issue?","A. Restrict CoPP traffic on the management interface from 172.17.132.95 and 192.168.1.1.
B. Configure an access group on GigaEthernet0/0 to block traffic from 192.168.1.1.
C. Configure QoS on FastEthemet0/0 to restrict bandwidth usage for 172.17.132.95 and 192.168.1.1.
D. Configure an access group on GigaEthernet0/0 to block traffic from 172.17.132.95.",D,p353_img2.png,352,668.0
QUESTION 669,"QUESTION 669

An engineer configured summarization for the R1 loopback addresses and failed. Which action permits the successful advertisement of the R1 loopback addresses?","A. Configure EIGRP 100 with a network statement for loopback 0 and redistribute the connected route for loopback 50.
B. Configure EIGRP 100 with a network statement for loopback 0 and remove the leak map for loopback 50.
C. Configure 100.1.1.1 permit statement in the prefix list LOOPBACK50 and redistribute the connected route for loopback 50.
D. Configure EIGRP 100 with a network statement for loopback 0 and configure and redistribute the static route for loopback 50.",A,"p353_img1.png,p353_img0.png",353,669.0
QUESTION 670,"QUESTION 670

The services at branch B are down. An engineer notices that router A and router B are not exchanging any routes. Which configuration resolves the issue on router B?
key chain EIGRP 
  key 1
    key-string CCNP
interface serial0/0/0
  ip address 192.168.168.2 255.255.255.0 
  ip authentication mode eigrp 100 md5 
  negotiation auto
B. router eigrp 100 
  network 192.168.168.0
key chain EIGRP 
  key 1
    key-string CCNP
interface serial0/0/0
  ip address 192.168.168.2 255.255.255.0
  ip authentication mode eigrp 100 md5
  ip authentication key-chain eigrp 100 EIGRP
  negotiation auto
C. router eigrp 100
  network 192.168.168.0
key chain CCNP 
  key 1
    key-string EIGRP
interface serial0/0/0
  ip address 192.168.168.2 255.255.255.0
  ip authentication mode eigrp 100 md5
  ip authentication key-chain eigrp 100 EIGRP
  negotiation auto
D. router eigrp 100 
  network 192.168.168.0
key chain EIGRP 
  key 1
    key-string CCNP
interface serial0/0/0
  ip address 192.168.168.2 255.255.255.0
  ip authentication key-chain eigrp 100 EIGRP 
  negotiation auto","A. router eigrp 100
  network 192.168.168.0",B,"p354_img1.png,p354_img0.png",354,670.0
QUESTION 671,"QUESTION 671

An engineer must configure a per VRF for TACACS+ for company A. Which configuration on RTG-1 accomplishes the task?","A. aaa new-model
  aaa group server tacacs+ Tacacscluster 
    server-private 172.16.1.3 port 49 key routing 
    ip tacacs source-interface GigabitEthernet 0/0 
    ip vrf CompanyA
B. aaa new-model
  aaa group server tacacs+ Tacacscluster 
    server-private 172.16.1.1 port 49 key routing
    ip tacacs source-interface GigabitEthernet 0/0
    ip vrf forwarding CompanyA
C. aaa new-model
  aaa group server tacacs+ Tacacscluster 
    server-private 172.16.1.3 port 49 key routing 
    ip tacacs source-interface GigabitEthernet 0/1 
    ip vrf forwarding CompanyA
D. aaa new-model
  aaa group server tacacs+ Tacacscluster 
    server-private 172.16.1.1 port 49 key routing 
    ip tacacs source-interface GigabitEthernet 0/1 
    ip vrf CompanyA",B,p355_img1.png,354,671.0
QUESTION 672,"QUESTION 672
How many labels are present in an MPLS Layer 3 packet traversing through the network without traffic engineering?","A. 1
B. 2
C. 3
D. 4",B,,355,672.0
QUESTION 673,"An engineer configured router R3 to redistribute the prefix 10.10.10.0/24 from OSPF into EIGRP. R1 has no connectivity to the prefix. Which action enables receipt of
prefixes on R1?","A. R1 does not have a neighbor relationship with R2. The EIGRP should be clear on R1.
B. Duplicate router IDs on R1 and R3. R1 should modify its router ID.
C. R3 is adverting the 10.20.20.0/24 prefix with a TTL of 1. R3 must set the TTL to 2 for this prefix.
D. R1 is not receiving the next-hop IP address of R3. R2 must enable the network 10.20.20.0/24 within EIGRP.",B,"p355_img0.png,p356_img2.png,p356_img1.png",355,673.0
QUESTION 674,"QUESTION 674

The users from subnet 172.16.1.16/28 are experiencing connectivity issues to subnet 172.16.2.32/48. Which configuration resolves the issue?","A. R1(config)#route-map REDIST permit 10
R1(config-route-map)#match ip address 15    
R1(config-route-map)#exit    
R1(config)# access-list 15 permit 172.16.0.0 0.0.255.255
R1(config-router)#router ospf 1
R1(config-router)#redistribute eigrp 100 subnets route-map REDIST
B. R1(config-router)#router ospf 1
R2(config-router)#redistribute eigrp 100 subnets metric 100
C. R1(config-router)#router eigrp 100
R1(config-router)#redistribute ospf 1 metric 1000000 1 1 1 1
D. R1(config)#route-map REDIST permit 10
R1(config-route-map)#match ip address 15    
R1(config-route-map)#exit    
R1(config)# access-list 15 permit 172.16.0.0 0.0.255.255
R1(config-router)#router eigrp 100
R1(config-router)#redistribute ospf 1 subnets route-map REDIST",C,"p356_img0.png,p357_img1.png,p357_img0.png",356,674.0
QUESTION 675,"QUESTION 675

SW100 cannot receive routes from R1. Which configuration resolves the issue?
R2
router bgp 100
  address-family ipv6 
    redistribute connected
B. R1
router bgp 100 
  address-family ipv6
    neighbor 2001::2 route-reflector-client
    neighbor 2001:ABC:AABB:1100:1122:1111:2222:AAA2 route-reflector-client
R2
router bgp 100 
  address-family ipv6 
    neighbor 2001::2 
    neighbor 2001::1 as-override
C. R1
router bgp 100
  address-family ipv6
    neighbor 2001::2 route-reflector-client
    neighbor 2001:ABC:AABB:1100:1122:1111:2222:AAA2 route-reflector-client
R2
router bgp 100
  address-family ipv6 
    neighbor 2001::2 
    neighbor 2001::1 next-hop-self
D. R1
router bgp 100 
  address-family ipv6 
    no synchronization
R2
router bgp 100 
  address-family ipv6 
    no synchronization
SW100
router bgp 100 
  address-family ipv6 
    no synchronization","A. R1
router bgp 100 
  address-family ipv6
    redistribute connected",C,"p358_img1.png,p358_img0.png",357,675.0
QUESTION 676,"QUESTION 676

An engineer examines the BGP update for the iPv6 prefix 2001:db8::1/128, which should have been summarized into a /64 prefix. Which sequence of actions
achieves the summarization?","A. R1 is a route reflector with a router ID of 1.1.1.1, and the originator of the prefix is a route reflector client, which has a router ID of 3.3.3.3. Both routers belong to
the same AS. Configure an aggregate address on the router with ID 1.1.1.1 for the prefix.
B. R1 is a route reflector client of a RR with a router ID of 1.1.1.1, and the originator of the prefix has a router ID of 3.3.3.3. Both routers belong to different ASs. The
prefix is not advertised to any peer and must be advertised using the network statement on R3.
C. R1 is a route reflector client of a RR with a router ID of 1.1.1.1, and the originator of the prefix has a router ID of 3.3.3.3. Both routers belong to the same AS.
Configure an aggregate address on the router with ID 3.3.3.3 for the prefix.
D. R1 is a route reflector with a router ID of 3.3.3.3, and the originator of the prefix is a route reflector client, which has a router ID of 3.3.3.3. Both routers belong to
the same AS. Configure an aggregate address on the router with ID 1.1.1.1 for the prefix.",C,p359_img1.png,359,676.0
QUESTION 677,"QUESTION 677
What are two features of BFD? (Choose two.)","A. scalable
B. reliable
C. replaces hello messages
D. requires routing protocols.
E. intensive on CPU for Layer 2 links",AB,,359,677.0
QUESTION 678,"QUESTION 678

Which configuration advertises more specific routes to R1 without sending a BGP summary route?","A. R2#configure terminal
R2 (config)#router BGP 100
R2 (config-router)#auto-summary
B. R1#configure terminal
R1 (config)#router BGP 100
R1 (config-router)#auto-summary
C. R2#configure terminal
R2 (config)#router BGP 100
R2 (config-router)#no auto-summary
D. R1#configure terminal
R1 (config)#router BGP 100
R1 (config-router)#no auto-summary",C,p359_img0.png,359,678.0
QUESTION 679,"QUESTION 679

R1 has a route map configured, which results in a loss of partial IPv6 prefixes for the BGP neighbor, resulting in service degradation. How can the full service be
restored?","A. The route map requires a deny 20 statement without set conditions, and this will allow additional prefixes to be advertised.
B. The neighbor requires a soft reconfiguration, and this will clear the policy without resetting the BGP TCP connection.
C. The route map requires a permit 20 statement without set conditions, and this will allow additional prefixes to be advertised.
D. The prefix list requires all prefixes that R1 is advertising to be added to it, and this will allow additional prefixes to be advertised.",C,p360_img1.png,360,679.0
QUESTION 680,"QUESTION 680

R10 attempts to copy an image file from R11 using TFTP, and the operation is timing out. Which action resolves the issue?","A. R11 requires the TFTP server source-interface to be set to GigabitEthernet0/0.
B. R10 must be configured to belong to the same VRF TFTP. 
C. Change R10 duplex to auto to resolve the duplex mismatch between routers R10 and R11.
D. R11 requires the TFTP server command for the image to be set to the VRF TFTP.",A,p360_img0.png,360,680.0
QUESTION 681,"QUESTION 681

R1 uses SP1 as the primary path. A network engineer must force all SSH traffic generated from R1 toward SP2. Which configuration accomplishes the task?","A. ip access-list extended match_SSH
 permit tcp any any eq 22
!
route-map PBR_SSH permit 10
 match ip address match_SSH
 set ip next-hop 10.20.20.1
!
interface Gig0/0
 ip policy route-map PBR_SSH  
B. ip access-list extended match_SSH
 permit tcp any any eq 22
!
route-map PBR_SSH permit 10
 match ip address match_SSH
 set ip next-hop 10.20.20.1
!
ip local policy route-map PBR_SSH  
C. ip access-list extended match_SSH
 permit tcp any any eq 22
!
route-map PBR_SSH permit 10
 match ip address match_SSH
 set ip next-hop 10.10.10.1
!
 ip local policy route-map PBR_SSH  
D. ip access-list extended match_SSH
 permit tcp any any eq 22
!
route-map PBR_SSH permit 10
 match ip address match_SSH
 set ip next-hop 10.20.20.1
!
interface Gig0/1
 ip policy route-map PBR_SSH",B,p361_img0.png,360,681.0
QUESTION 682,"QUESTION 682

An engineer is troubleshooting suboptimal communication from the 192.168.5.32/28 subnet to the 172.16.3.16/28 segment using the slowest links. Which
configuration resolves the suboptimal routing issue?","A. R1(config-router)#router eigrp 100
R1(config-router)#redistribute ospf 1 metric 1000000 1 1 1 1  
B. R2(config-router)#router ospf 1
R2(config-router)#default-metric 1
R1(config-router)#router ospf 1
R1(config-router)#default-metric 10  
C. R2(config-router)#router eigrp 100
R2(config-router)#redistribute ospf 1 metric 1000000 1 1 1 1  
D. R2(config-router)#router ospf 1
R2(config-router)#default-metric 10
R1(config-router)#router ospf 1
R1(config-router)#default-metric 1",C,p362_img0.png,361,682.0
QUESTION 683,"QUESTION 683

The enterprise users fail to authenticate with the TACACS server when a direct fiber link fails between RB and RD. The NOC team observes:
- Users connected on AS65201 fail to authenticate with TACACS server 192.168.1.1.
- Users connected on AS65101 successfully authenticate with TACACS server 192.168.1.1.
- All AS65101 and AS65201 users are configured to authenticate with the TACACS server.
Which configuration resolves the issue?","A. RF(config)#no ip prefix-list Customer seq 5 deny 192.168.1.1/32
B. RF(config)#router bgp 65201
RF(config-router)# neighbor 10.0.0.17 prefix-list Customer out
C. RC(config)#ip prefix-list Customer seq 5 permit 192.168.30.1/32
D. RC(config)#router bgp 65101
RC(config-router)# neighbor 10.0.0.18 prefix-list Customer in",A,p363_img1.png,362,683.0
QUESTION 684,"QUESTION 684

A NOC team receives a ticket that data traffic from RA to RF is not forwarded when the link between the RC-RE path goes down. All routers learn loopback IP through
the IGP protocol. Which configuration resolves the issue?","A. RD(config)#router bgp 65201
RD(config-router)#neighbor 10.10.10.2 ebgp-multihop 3
B. RB(config)#router bgp 65101
RB(config-router)#neighbor 10.10.10.3 update-source loopback 0
C. RB(config)#router bgp 65101
RB(config-router)#neighbor 10.10.10.3 ebgp-multihop 3
D. RD(config)#router bgp 65201
RD(config-router)#neighbor 10.10.10.2 update-source loopback 0",C,"p363_img0.png,p364_img1.png",363,684.0
QUESTION 685,"QUESTION 685
A network engineer wants to redirect HTTP traffic originating from subnet 192.168.3.1/24 to the next-hop IP address of 10.2.3.1. This configuration was implemented:

Which command completes the configuration?","A. Router(config)#access-list 100 permit tcp 192.168.3.0 0.0.0.255 any eq 80
B. Router(config)#access-list 100 permit tcp 192.168.3.0 0.0.0.255 eq any 80
C. Router(config)#access-list 100 permit tcp any 192.168.3.0 0.0.0.255 eq 80
D. Router(config)#access-list 100 permit tcp any eq 80 192.168.3.0 0.0.0.255",A,p364_img0.png,364,685.0
